"Product Name"," Product Code"," IMEI or Serial Numbers"," Expected"," Counted"
LB-001-PRO-2-0.75-R,LB-001,,0,
LB-002-PRO-2-0.75-L,LB-002,,0,
LB-003-PRO-2-1-R,LB-003,,0,
LB-004-PRO-2-1-L,LB-004,,0,
LB-005-PRO-2-1.25-R,LB-005,,0,
LB-006-PRO-2-1.25-L,LB-006,,0,
LB-007-PRO-2-1.5-R,LB-007,,0,
LB-008-PRO-2-1.5-L,LB-008,,0,
LB-009-PRO-2-1.75-R,LB-009,,0,
LB-010-PRO-2-1.75-L,LB-010,,0,
LB-011-PRO-2-2-R,LB-011,,0,
LB-012-PRO-2-2-L,LB-012,,0,
LB-013-PRO-2-2.25-R,LB-013,,0,
LB-014-PRO-2-2.25-L,LB-014,,0,
LB-015-PRO-2-2.5-R,LB-015,,0,
LB-016-PRO-2-2.5-L,LB-016,,0,
LB-017-PRO-2-2.75-R,LB-017,,0,
LB-018-PRO-2-2.75-L,LB-018,,0,
LB-019-PRO-2-3-R,LB-019,,0,
LB-020-PRO-2-3-L,LB-020,,0,
LB-021-PRO-2-3.25-R,LB-021,,0,
LB-022-PRO-2-3.25-L,LB-022,,0,
LB-023-PRO-2-3.5-R,LB-023,,0,
LB-024-PRO-2-3.5-L,LB-024,,0,
LB-025-PRO-2-3.75-R,LB-025,,0,
LB-026-PRO-2-3.75-L,LB-026,,0,
LB-027-PRO-2-4-R,LB-027,,0,
LB-028-PRO-2-4-L,LB-028,,0,
LB-029-PRO-3-0.75-R,LB-029,,0,
LB-030-PRO-3-0.75-L,LB-030,,0,
LB-031-PRO-3-1-R,LB-031,,0,
LB-032-PRO-3-1-L,LB-032,,0,
LB-033-PRO-3-1.25-R,LB-033,,0,
LB-034-PRO-3-1.25-L,LB-034,,0,
LB-035-PRO-3-1.5-R,LB-035,,0,
LB-036-PRO-3-1.5-L,LB-036,,0,
LB-037-PRO-3-1.75-R,LB-037,,0,
LB-038-PRO-3-1.75-L,LB-038,,0,
LB-039-PRO-3-2-R,LB-039,,0,
LB-040-PRO-3-2-L,LB-040,,0,
LB-041-PRO-3-2.25-R,LB-041,,0,
LB-042-PRO-3-2.25-L,LB-042,,0,
LB-043-PRO-3-2.5-R,LB-043,,0,
LB-044-PRO-3-2.5-L,LB-044,,0,
LB-045-PRO-3-2.75-R,LB-045,,0,
LB-046-PRO-3-2.75-L,LB-046,,0,
LB-047-PRO-3-3-R,LB-047,,0,
LB-048-PRO-3-3-L,LB-048,,0,
LB-049-PRO-3-3.25-R,LB-049,,0,
LB-050-PRO-3-3.25-L,LB-050,,0,
LB-051-PRO-3-3.5-R,LB-051,,0,
LB-052-PRO-3-3.5-L,LB-052,,0,
LB-053-PRO-3-3.75-R,LB-053,,0,
LB-054-PRO-3-3.75-L,LB-054,,0,
LB-055-PRO-3-4-R,LB-055,,0,
LB-056-PRO-3-4-L,LB-056,,0,
LB-057-PRO-4-0.75-R,LB-057,,0,
LB-058-PRO-4-0.75-L,LB-058,,0,
LB-059-PRO-4-1-R,LB-059,,0,
LB-060-PRO-4-1-L,LB-060,,0,
LB-061-PRO-4-1.25-R,LB-061,,0,
LB-062-PRO-4-1.25-L,LB-062,,0,
LB-063-PRO-4-1.5-R,LB-063,,0,
LB-064-PRO-4-1.5-L,LB-064,,0,
LB-065-PRO-4-1.75-R,LB-065,,0,
LB-066-PRO-4-1.75-L,LB-066,,0,
LB-067-PRO-4-2-R,LB-067,,0,
LB-068-PRO-4-2-L,LB-068,,0,
LB-069-PRO-4-2.25-R,LB-069,,0,
LB-070-PRO-4-2.25-L,LB-070,,0,
LB-071-PRO-4-2.5-R,LB-071,,0,
LB-072-PRO-4-2.5-L,LB-072,,0,
LB-073-PRO-4-2.75-R,LB-073,,0,
LB-074-PRO-4-2.75-L,LB-074,,0,
LB-075-PRO-4-3-R,LB-075,,0,
LB-076-PRO-4-3-L,LB-076,,0,
LB-077-PRO-4-3.25-R,LB-077,,0,
LB-078-PRO-4-3.25-L,LB-078,,0,
LB-079-PRO-4-3.5-R,LB-079,,0,
LB-080-PRO-4-3.5-L,LB-080,,0,
LB-081-PRO-4-3.75-R,LB-081,,0,
LB-082-PRO-4-3.75-L,LB-082,,0,
LB-083-PRO-4-4-R,LB-083,,0,
LB-084-PRO-4-4-L,LB-084,,0,
LB-085-PRO-5-0.75-R,LB-085,,0,
LB-086-PRO-5-0.75-L,LB-086,,0,
LB-087-PRO-5-1-R,LB-087,,0,
LB-088-PRO-5-1-L,LB-088,,0,
LB-089-PRO-5-1.25-R,LB-089,,0,
LB-090-PRO-5-1.25-L,LB-090,,0,
LB-091-PRO-5-1.5-R,LB-091,,0,
LB-092-PRO-5-1.5-L,LB-092,,0,
LB-093-PRO-5-1.75-R,LB-093,,0,
LB-094-PRO-5-1.75-L,LB-094,,0,
LB-095-PRO-5-2-R,LB-095,,0,
LB-096-PRO-5-2-L,LB-096,,0,
LB-097-PRO-5-2.25-R,LB-097,,0,
LB-098-PRO-5-2.25-L,LB-098,,0,
LB-099-PRO-5-2.5-R,LB-099,,0,
LB-100-PRO-5-2.5-L,LB-100,,0,
LB-101-PRO-5-2.75-R,LB-101,,0,
LB-102-PRO-5-2.75-L,LB-102,,0,
LB-103-PRO-5-3-R,LB-103,,0,
LB-104-PRO-5-3-L,LB-104,,0,
LB-105-PRO-5-3.25-R,LB-105,,0,
LB-106-PRO-5-3.25-L,LB-106,,0,
LB-107-PRO-5-3.5-R,LB-107,,0,
LB-108-PRO-5-3.5-L,LB-108,,0,
LB-109-PRO-5-3.75-R,LB-109,,0,
LB-110-PRO-5-3.75-L,LB-110,,0,
LB-111-PRO-5-4-R,LB-111,,0,
LB-112-PRO-5-4-L,LB-112,,0,
LB-113-PRO-6-0.75-R,LB-113,,0,
LB-114-PRO-6-0.75-L,LB-114,,0,
LB-115-PRO-6-1-R,LB-115,,0,
LB-116-PRO-6-1-L,LB-116,,0,
LB-117-PRO-6-1.25-R,LB-117,,0,
LB-118-PRO-6-1.25-L,LB-118,,0,
LB-119-PRO-6-1.5-R,LB-119,,0,
LB-120-PRO-6-1.5-L,LB-120,,0,
LB-121-PRO-6-1.75-R,LB-121,,0,
LB-122-PRO-6-1.75-L,LB-122,,0,
LB-123-PRO-6-2-R,LB-123,,0,
LB-124-PRO-6-2-L,LB-124,,0,
LB-125-PRO-6-2.25-R,LB-125,,0,
LB-126-PRO-6-2.25-L,LB-126,,0,
LB-127-PRO-6-2.5-R,LB-127,,0,
LB-128-PRO-6-2.5-L,LB-128,,0,
LB-129-PRO-6-2.75-R,LB-129,,0,
LB-130-PRO-6-2.75-L,LB-130,,0,
LB-131-PRO-6-3-R,LB-131,,0,
LB-132-PRO-6-3-L,LB-132,,0,
LB-133-PRO-6-3.25-R,LB-133,,0,
LB-134-PRO-6-3.25-L,LB-134,,0,
LB-135-PRO-6-3.5-R,LB-135,,0,
LB-136-PRO-6-3.5-L,LB-136,,0,
LB-137-PRO-6-3.75-R,LB-137,,0,
LB-138-PRO-6-3.75-L,LB-138,,0,
LB-139-PRO-6-4-R,LB-139,,0,
LB-140-PRO-6-4-L,LB-140,,0,
LB-141-PRO-7-0.75-R,LB-141,,0,
LB-142-PRO-7-0.75-L,LB-142,,0,
LB-143-PRO-7-1-R,LB-143,,0,
LB-144-PRO-7-1-L,LB-144,,0,
LB-145-PRO-7-1.25-R,LB-145,,0,
LB-146-PRO-7-1.25-L,LB-146,,0,
LB-147-PRO-7-1.5-R,LB-147,,0,
LB-148-PRO-7-1.5-L,LB-148,,0,
LB-149-PRO-7-1.75-R,LB-149,,0,
LB-150-PRO-7-1.75-L,LB-150,,0,
LB-151-PRO-7-2-R,LB-151,,0,
LB-152-PRO-7-2-L,LB-152,,0,
LB-153-PRO-7-2.25-R,LB-153,,0,
LB-154-PRO-7-2.25-L,LB-154,,0,
LB-155-PRO-7-2.5-R,LB-155,,0,
LB-156-PRO-7-2.5-L,LB-156,,0,
LB-157-PRO-7-2.75-R,LB-157,,0,
LB-158-PRO-7-2.75-L,LB-158,,0,
LB-159-PRO-7-3-R,LB-159,,0,
LB-160-PRO-7-3-L,LB-160,,0,
LB-161-PRO-7-3.25-R,LB-161,,0,
LB-162-PRO-7-3.25-L,LB-162,,0,
LB-163-PRO-7-3.5-R,LB-163,,0,
LB-164-PRO-7-3.5-L,LB-164,,0,
LB-165-PRO-7-3.75-R,LB-165,,0,
LB-166-PRO-7-3.75-L,LB-166,,0,
LB-167-PRO-7-4-R,LB-167,,0,
LB-168-PRO-7-4-L,LB-168,,0,
LB-169-PRO-8-0.75-R,LB-169,,0,
LB-170-PRO-8-0.75-L,LB-170,,0,
LB-171-PRO-8-1-R,LB-171,,0,
LB-172-PRO-8-1-L,LB-172,,0,
LB-173-PRO-8-1.25-R,LB-173,,0,
LB-174-PRO-8-1.25-L,LB-174,,0,
LB-175-PRO-8-1.5-R,LB-175,,0,
LB-176-PRO-8-1.5-L,LB-176,,0,
LB-177-PRO-8-1.75-R,LB-177,,0,
LB-178-PRO-8-1.75-L,LB-178,,0,
LB-179-PRO-8-2-R,LB-179,,0,
LB-180-PRO-8-2-L,LB-180,,0,
LB-181-PRO-8-2.25-R,LB-181,,0,
LB-182-PRO-8-2.25-L,LB-182,,0,
LB-183-PRO-8-2.5-R,LB-183,,0,
LB-184-PRO-8-2.5-L,LB-184,,0,
LB-185-PRO-8-2.75-R,LB-185,,0,
LB-186-PRO-8-2.75-L,LB-186,,0,
LB-187-PRO-8-3-R,LB-187,,0,
LB-188-PRO-8-3-L,LB-188,,0,
LB-189-PRO-8-3.25-R,LB-189,,0,
LB-190-PRO-8-3.25-L,LB-190,,0,
LB-191-PRO-8-3.5-R,LB-191,,0,
LB-192-PRO-8-3.5-L,LB-192,,0,
LB-193-PRO-8-3.75-R,LB-193,,0,
LB-194-PRO-8-3.75-L,LB-194,,0,
LB-195-PRO-8-4-R,LB-195,,0,
LB-196-PRO-8-4-L,LB-196,,0,
LB-1065-PRO-PG-1-0.75-R,LB-1065,,0,
LB-1066-PRO-PG-1-0.75-L,LB-1066,,0,
LB-1067-PRO-PG-1-1-R,LB-1067,,0,
LB-1068-PRO-PG-1-1-L,LB-1068,,0,
LB-1069-PRO-PG-1-1.25-R,LB-1069,,0,
LB-1070-PRO-PG-1-1.25-L,LB-1070,,0,
LB-1071-PRO-PG-1-1.5-R,LB-1071,,0,
LB-1072-PRO-PG-1-1.5-L,LB-1072,,0,
LB-1073-PRO-PG-1-1.75-R,LB-1073,,0,
LB-1074-PRO-PG-1-1.75-L,LB-1074,,0,
LB-1075-PRO-PG-1-2-R,LB-1075,,0,
LB-1076-PRO-PG-1-2-L,LB-1076,,0,
LB-1077-PRO-PG-1-2.25-R,LB-1077,,0,
LB-1078-PRO-PG-1-2.25-L,LB-1078,,0,
LB-1079-PRO-PG-1-2.5-R,LB-1079,,0,
LB-1080-PRO-PG-1-2.5-L,LB-1080,,0,
LB-1081-PRO-PG-1-2.75-R,LB-1081,,0,
LB-1082-PRO-PG-1-2.75-L,LB-1082,,0,
LB-1083-PRO-PG-1-3-R,LB-1083,,0,
LB-1084-PRO-PG-1-3-L,LB-1084,,0,
LB-1085-PRO-PG-1-3.25-R,LB-1085,,0,
LB-1086-PRO-PG-1-3.25-L,LB-1086,,0,
LB-1087-PRO-PG-1-3.5-R,LB-1087,,0,
LB-1088-PRO-PG-1-3.5-L,LB-1088,,0,
LB-1089-PRO-PG-1-3.75-R,LB-1089,,0,
LB-1090-PRO-PG-1-3.75-L,LB-1090,,0,
LB-1091-PRO-PG-1-4-R,LB-1091,,0,
LB-1092-PRO-PG-1-4-L,LB-1092,,0,
LB-1093-PRO-PG-2-0.75-R,LB-1093,,0,
LB-1094-PRO-PG-2-0.75-L,LB-1094,,0,
LB-1095-PRO-PG-2-1-R,LB-1095,,0,
LB-1096-PRO-PG-2-1-L,LB-1096,,0,
LB-1097-PRO-PG-2-1.25-R,LB-1097,,0,
LB-1098-PRO-PG-2-1.25-L,LB-1098,,0,
LB-1099-PRO-PG-2-1.5-R,LB-1099,,0,
LB-1100-PRO-PG-2-1.5-L,LB-1100,,0,
LB-1101-PRO-PG-2-1.75-R,LB-1101,,0,
LB-1102-PRO-PG-2-1.75-L,LB-1102,,0,
LB-1103-PRO-PG-2-2-R,LB-1103,,0,
LB-1104-PRO-PG-2-2-L,LB-1104,,0,
LB-1105-PRO-PG-2-2.25-R,LB-1105,,0,
LB-1106-PRO-PG-2-2.25-L,LB-1106,,0,
LB-1107-PRO-PG-2-2.5-R,LB-1107,,0,
LB-1108-PRO-PG-2-2.5-L,LB-1108,,0,
LB-1109-PRO-PG-2-2.75-R,LB-1109,,0,
LB-1110-PRO-PG-2-2.75-L,LB-1110,,0,
LB-1111-PRO-PG-2-3-R,LB-1111,,0,
LB-1112-PRO-PG-2-3-L,LB-1112,,0,
LB-1113-PRO-PG-2-3.25-R,LB-1113,,0,
LB-1114-PRO-PG-2-3.25-L,LB-1114,,0,
LB-1115-PRO-PG-2-3.5-R,LB-1115,,0,
LB-1116-PRO-PG-2-3.5-L,LB-1116,,0,
LB-1117-PRO-PG-2-3.75-R,LB-1117,,0,
LB-1118-PRO-PG-2-3.75-L,LB-1118,,0,
LB-1119-PRO-PG-2-4-R,LB-1119,,0,
LB-1120-PRO-PG-2-4-L,LB-1120,,0,
LB-1121-PRO-PG-3-0.75-R,LB-1121,,0,
LB-1122-PRO-PG-3-0.75-L,LB-1122,,0,
LB-1123-PRO-PG-3-1-R,LB-1123,,0,
LB-1124-PRO-PG-3-1-L,LB-1124,,0,
LB-1125-PRO-PG-3-1.25-R,LB-1125,,0,
LB-1126-PRO-PG-3-1.25-L,LB-1126,,0,
LB-1127-PRO-PG-3-1.5-R,LB-1127,,0,
LB-1128-PRO-PG-3-1.5-L,LB-1128,,0,
LB-1129-PRO-PG-3-1.75-R,LB-1129,,0,
LB-1130-PRO-PG-3-1.75-L,LB-1130,,0,
LB-1131-PRO-PG-3-2-R,LB-1131,,0,
LB-1132-PRO-PG-3-2-L,LB-1132,,0,
LB-1133-PRO-PG-3-2.25-R,LB-1133,,0,
LB-1134-PRO-PG-3-2.25-L,LB-1134,,0,
LB-1135-PRO-PG-3-2.5-R,LB-1135,,0,
LB-1136-PRO-PG-3-2.5-L,LB-1136,,0,
LB-1137-PRO-PG-3-2.75-R,LB-1137,,0,
LB-1138-PRO-PG-3-2.75-L,LB-1138,,0,
LB-1139-PRO-PG-3-3-R,LB-1139,,0,
LB-1140-PRO-PG-3-3-L,LB-1140,,0,
LB-1141-PRO-PG-3-3.25-R,LB-1141,,0,
LB-1142-PRO-PG-3-3.25-L,LB-1142,,0,
LB-1143-PRO-PG-3-3.5-R,LB-1143,,0,
LB-1144-PRO-PG-3-3.5-L,LB-1144,,0,
LB-1145-PRO-PG-3-3.75-R,LB-1145,,0,
LB-1146-PRO-PG-3-3.75-L,LB-1146,,0,
LB-1147-PRO-PG-3-4-R,LB-1147,,0,
LB-1148-PRO-PG-3-4-L,LB-1148,,0,
LB-1149-PRO-PG-4-0.75-R,LB-1149,,0,
LB-1150-PRO-PG-4-0.75-L,LB-1150,,0,
LB-1151-PRO-PG-4-1-R,LB-1151,,0,
LB-1152-PRO-PG-4-1-L,LB-1152,,0,
LB-1153-PRO-PG-4-1.25-R,LB-1153,,0,
LB-1154-PRO-PG-4-1.25-L,LB-1154,,0,
LB-1155-PRO-PG-4-1.5-R,LB-1155,,0,
LB-1156-PRO-PG-4-1.5-L,LB-1156,,0,
LB-1157-PRO-PG-4-1.75-R,LB-1157,,0,
LB-1158-PRO-PG-4-1.75-L,LB-1158,,0,
LB-1159-PRO-PG-4-2-R,LB-1159,,0,
LB-1160-PRO-PG-4-2-L,LB-1160,,0,
LB-1161-PRO-PG-4-2.25-R,LB-1161,,0,
LB-1162-PRO-PG-4-2.25-L,LB-1162,,0,
LB-1163-PRO-PG-4-2.5-R,LB-1163,,0,
LB-1164-PRO-PG-4-2.5-L,LB-1164,,0,
LB-1165-PRO-PG-4-2.75-R,LB-1165,,0,
LB-1166-PRO-PG-4-2.75-L,LB-1166,,0,
LB-1167-PRO-PG-4-3-R,LB-1167,,0,
LB-1168-PRO-PG-4-3-L,LB-1168,,0,
LB-1169-PRO-PG-4-3.25-R,LB-1169,,0,
LB-1170-PRO-PG-4-3.25-L,LB-1170,,0,
LB-1171-PRO-PG-4-3.5-R,LB-1171,,0,
LB-1172-PRO-PG-4-3.5-L,LB-1172,,0,
LB-1173-PRO-PG-4-3.75-R,LB-1173,,0,
LB-1174-PRO-PG-4-3.75-L,LB-1174,,0,
LB-1175-PRO-PG-4-4-R,LB-1175,,0,
LB-1176-PRO-PG-4-4-L,LB-1176,,0,
LB-1177-PRO-PG-5-0.75-R,LB-1177,,0,
LB-1178-PRO-PG-5-0.75-L,LB-1178,,0,
LB-1179-PRO-PG-5-1-R,LB-1179,,0,
LB-1180-PRO-PG-5-1-L,LB-1180,,0,
LB-1181-PRO-PG-5-1.25-R,LB-1181,,0,
LB-1182-PRO-PG-5-1.25-L,LB-1182,,0,
LB-1183-PRO-PG-5-1.5-R,LB-1183,,0,
LB-1184-PRO-PG-5-1.5-L,LB-1184,,0,
LB-1185-PRO-PG-5-1.75-R,LB-1185,,0,
LB-1186-PRO-PG-5-1.75-L,LB-1186,,0,
LB-1187-PRO-PG-5-2-R,LB-1187,,0,
LB-1188-PRO-PG-5-2-L,LB-1188,,0,
LB-1189-PRO-PG-5-2.25-R,LB-1189,,0,
LB-1190-PRO-PG-5-2.25-L,LB-1190,,0,
LB-1191-PRO-PG-5-2.5-R,LB-1191,,0,
LB-1192-PRO-PG-5-2.5-L,LB-1192,,0,
LB-1193-PRO-PG-5-2.75-R,LB-1193,,0,
LB-1194-PRO-PG-5-2.75-L,LB-1194,,0,
LB-1195-PRO-PG-5-3-R,LB-1195,,0,
LB-1196-PRO-PG-5-3-L,LB-1196,,0,
LB-1197-PRO-PG-5-3.25-R,LB-1197,,0,
LB-1198-PRO-PG-5-3.25-L,LB-1198,,0,
LB-1199-PRO-PG-5-3.5-R,LB-1199,,0,
LB-1200-PRO-PG-5-3.5-L,LB-1200,,0,
LB-1201-PRO-PG-5-3.75-R,LB-1201,,0,
LB-1202-PRO-PG-5-3.75-L,LB-1202,,0,
LB-1203-PRO-PG-5-4-R,LB-1203,,0,
LB-1204-PRO-PG-5-4-L,LB-1204,,0,
LB-1205-PRO-PG-6-0.75-R,LB-1205,,0,
LB-1206-PRO-PG-6-0.75-L,LB-1206,,0,
LB-1207-PRO-PG-6-1-R,LB-1207,,0,
LB-1208-PRO-PG-6-1-L,LB-1208,,0,
LB-1209-PRO-PG-6-1.25-R,LB-1209,,0,
LB-1210-PRO-PG-6-1.25-L,LB-1210,,0,
LB-1211-PRO-PG-6-1.5-R,LB-1211,,0,
LB-1212-PRO-PG-6-1.5-L,LB-1212,,0,
LB-1213-PRO-PG-6-1.75-R,LB-1213,,0,
LB-1214-PRO-PG-6-1.75-L,LB-1214,,0,
LB-1215-PRO-PG-6-2-R,LB-1215,,0,
LB-1216-PRO-PG-6-2-L,LB-1216,,0,
LB-1217-PRO-PG-6-2.25-R,LB-1217,,0,
LB-1218-PRO-PG-6-2.25-L,LB-1218,,0,
LB-1219-PRO-PG-6-2.5-R,LB-1219,,0,
LB-1220-PRO-PG-6-2.5-L,LB-1220,,0,
LB-1221-PRO-PG-6-2.75-R,LB-1221,,0,
LB-1222-PRO-PG-6-2.75-L,LB-1222,,0,
LB-1223-PRO-PG-6-3-R,LB-1223,,0,
LB-1224-PRO-PG-6-3-L,LB-1224,,0,
LB-1225-PRO-PG-6-3.25-R,LB-1225,,0,
LB-1226-PRO-PG-6-3.25-L,LB-1226,,0,
LB-1227-PRO-PG-6-3.5-R,LB-1227,,0,
LB-1228-PRO-PG-6-3.5-L,LB-1228,,0,
LB-1229-PRO-PG-6-3.75-R,LB-1229,,0,
LB-1230-PRO-PG-6-3.75-L,LB-1230,,0,
LB-1231-PRO-PG-6-4-R,LB-1231,,0,
LB-1232-PRO-PG-6-4-L,LB-1232,,0,
LB-1233-PRO-PG-7-0.75-R,LB-1233,,0,
LB-1234-PRO-PG-7-0.75-L,LB-1234,,0,
LB-1235-PRO-PG-7-1-R,LB-1235,,0,
LB-1236-PRO-PG-7-1-L,LB-1236,,0,
LB-1237-PRO-PG-7-1.25-R,LB-1237,,0,
LB-1238-PRO-PG-7-1.25-L,LB-1238,,0,
LB-1239-PRO-PG-7-1.5-R,LB-1239,,0,
LB-1240-PRO-PG-7-1.5-L,LB-1240,,0,
LB-1241-PRO-PG-7-1.75-R,LB-1241,,0,
LB-1242-PRO-PG-7-1.75-L,LB-1242,,0,
LB-1243-PRO-PG-7-2-R,LB-1243,,0,
LB-1244-PRO-PG-7-2-L,LB-1244,,0,
LB-1245-PRO-PG-7-2.25-R,LB-1245,,0,
LB-1246-PRO-PG-7-2.25-L,LB-1246,,0,
LB-1247-PRO-PG-7-2.5-R,LB-1247,,0,
LB-1248-PRO-PG-7-2.5-L,LB-1248,,0,
LB-1249-PRO-PG-7-2.75-R,LB-1249,,0,
LB-1250-PRO-PG-7-2.75-L,LB-1250,,0,
LB-1251-PRO-PG-7-3-R,LB-1251,,0,
LB-1252-PRO-PG-7-3-L,LB-1252,,0,
LB-1253-PRO-PG-7-3.25-R,LB-1253,,0,
LB-1254-PRO-PG-7-3.25-L,LB-1254,,0,
LB-1255-PRO-PG-7-3.5-R,LB-1255,,0,
LB-1256-PRO-PG-7-3.5-L,LB-1256,,0,
LB-1257-PRO-PG-7-3.75-R,LB-1257,,0,
LB-1258-PRO-PG-7-3.75-L,LB-1258,,0,
LB-1259-PRO-PG-7-4-R,LB-1259,,0,
LB-1260-PRO-PG-7-4-L,LB-1260,,0,
LB-1261-PRO-PG-8-0.75-R,LB-1261,,0,
LB-1262-PRO-PG-8-0.75-L,LB-1262,,0,
LB-1263-PRO-PG-8-1-R,LB-1263,,0,
LB-1264-PRO-PG-8-1-L,LB-1264,,0,
LB-1265-PRO-PG-8-1.25-R,LB-1265,,0,
LB-1266-PRO-PG-8-1.25-L,LB-1266,,0,
LB-1267-PRO-PG-8-1.5-R,LB-1267,,0,
LB-1268-PRO-PG-8-1.5-L,LB-1268,,0,
LB-1269-PRO-PG-8-1.75-R,LB-1269,,0,
LB-1270-PRO-PG-8-1.75-L,LB-1270,,0,
LB-1271-PRO-PG-8-2-R,LB-1271,,0,
LB-1272-PRO-PG-8-2-L,LB-1272,,0,
LB-1273-PRO-PG-8-2.25-R,LB-1273,,0,
LB-1274-PRO-PG-8-2.25-L,LB-1274,,0,
LB-1275-PRO-PG-8-2.5-R,LB-1275,,0,
LB-1276-PRO-PG-8-2.5-L,LB-1276,,0,
LB-1277-PRO-PG-8-2.75-R,LB-1277,,0,
LB-1278-PRO-PG-8-2.75-L,LB-1278,,0,
LB-1279-PRO-PG-8-3-R,LB-1279,,0,
LB-1280-PRO-PG-8-3-L,LB-1280,,0,
LB-1281-PRO-PG-8-3.25-R,LB-1281,,0,
LB-1282-PRO-PG-8-3.25-L,LB-1282,,0,
LB-1283-PRO-PG-8-3.5-R,LB-1283,,0,
LB-1284-PRO-PG-8-3.5-L,LB-1284,,0,
LB-1285-PRO-PG-8-3.75-R,LB-1285,,0,
LB-1286-PRO-PG-8-3.75-L,LB-1286,,0,
LB-1287-PRO-PG-8-4-R,LB-1287,,0,
LB-1288-PRO-PG-8-4-L,LB-1288,,0,
LB-1961-CRD-0.5-0.75-R,LB-1961,,0,
LB-1962-CRD-0.5-0.75-L,LB-1962,,0,
LB-1963-CRD-0.5-1-R,LB-1963,,0,
LB-1964-CRD-0.5-1-L,LB-1964,,0,
LB-1965-CRD-0.5-1.25-R,LB-1965,,0,
LB-1966-CRD-0.5-1.25-L,LB-1966,,0,
LB-1967-CRD-0.5-1.5-R,LB-1967,,0,
LB-1968-CRD-0.5-1.5-L,LB-1968,,0,
LB-1969-CRD-0.5-1.75-R,LB-1969,,0,
LB-1970-CRD-0.5-1.75-L,LB-1970,,0,
LB-1971-CRD-0.5-2-R,LB-1971,,0,
LB-1972-CRD-0.5-2-L,LB-1972,,0,
LB-1973-CRD-0.5-2.25-R,LB-1973,,0,
LB-1974-CRD-0.5-2.25-L,LB-1974,,0,
LB-1975-CRD-0.5-2.5-R,LB-1975,,0,
LB-1976-CRD-0.5-2.5-L,LB-1976,,0,
LB-1977-CRD-0.5-2.75-R,LB-1977,,0,
LB-1978-CRD-0.5-2.75-L,LB-1978,,0,
LB-1979-CRD-0.5-3-R,LB-1979,,0,
LB-1980-CRD-0.5-3-L,LB-1980,,0,
LB-1981-CRD-0.5-3.25-R,LB-1981,,0,
LB-1982-CRD-0.5-3.25-L,LB-1982,,0,
LB-1983-CRD-0.5-3.5-R,LB-1983,,0,
LB-1984-CRD-0.5-3.5-L,LB-1984,,0,
LB-1985-CRD-0.5-3.75-R,LB-1985,,0,
LB-1986-CRD-0.5-3.75-L,LB-1986,,0,
LB-1987-CRD-0.5-4-R,LB-1987,,0,
LB-1988-CRD-0.5-4-L,LB-1988,,0,
LB-1989-CRD-1-0.75-R,LB-1989,,0,
LB-1990-CRD-1-0.75-L,LB-1990,,0,
LB-1991-CRD-1-1-R,LB-1991,,0,
LB-1992-CRD-1-1-L,LB-1992,,0,
LB-1993-CRD-1-1.25-R,LB-1993,,0,
LB-1994-CRD-1-1.25-L,LB-1994,,0,
LB-1995-CRD-1-1.5-R,LB-1995,,0,
LB-1996-CRD-1-1.5-L,LB-1996,,0,
LB-1997-CRD-1-1.75-R,LB-1997,,0,
LB-1998-CRD-1-1.75-L,LB-1998,,0,
LB-1999-CRD-1-2-R,LB-1999,,0,
LB-2000-CRD-1-2-L,LB-2000,,0,
LB-2001-CRD-1-2.25-R,LB-2001,,0,
LB-2002-CRD-1-2.25-L,LB-2002,,0,
LB-2003-CRD-1-2.5-R,LB-2003,,0,
LB-2004-CRD-1-2.5-L,LB-2004,,0,
LB-2005-CRD-1-2.75-R,LB-2005,,0,
LB-2006-CRD-1-2.75-L,LB-2006,,0,
LB-2007-CRD-1-3-R,LB-2007,,0,
LB-2008-CRD-1-3-L,LB-2008,,0,
LB-2009-CRD-1-3.25-R,LB-2009,,0,
LB-2010-CRD-1-3.25-L,LB-2010,,0,
LB-2011-CRD-1-3.5-R,LB-2011,,0,
LB-2012-CRD-1-3.5-L,LB-2012,,0,
LB-2013-CRD-1-3.75-R,LB-2013,,0,
LB-2014-CRD-1-3.75-L,LB-2014,,0,
LB-2015-CRD-1-4-R,LB-2015,,0,
LB-2016-CRD-1-4-L,LB-2016,,0,
LB-2017-CRD-2-0.75-R,LB-2017,,0,
LB-2018-CRD-2-0.75-L,LB-2018,,0,
LB-2019-CRD-2-1-R,LB-2019,,0,
LB-2020-CRD-2-1-L,LB-2020,,0,
LB-2021-CRD-2-1.25-R,LB-2021,,0,
LB-2022-CRD-2-1.25-L,LB-2022,,0,
LB-2023-CRD-2-1.5-R,LB-2023,,0,
LB-2024-CRD-2-1.5-L,LB-2024,,0,
LB-2025-CRD-2-1.75-R,LB-2025,,0,
LB-2026-CRD-2-1.75-L,LB-2026,,0,
LB-2027-CRD-2-2-R,LB-2027,,0,
LB-2028-CRD-2-2-L,LB-2028,,0,
LB-2029-CRD-2-2.25-R,LB-2029,,0,
LB-2030-CRD-2-2.25-L,LB-2030,,0,
LB-2031-CRD-2-2.5-R,LB-2031,,0,
LB-2032-CRD-2-2.5-L,LB-2032,,0,
LB-2033-CRD-2-2.75-R,LB-2033,,0,
LB-2034-CRD-2-2.75-L,LB-2034,,0,
LB-2035-CRD-2-3-R,LB-2035,,0,
LB-2036-CRD-2-3-L,LB-2036,,0,
LB-2037-CRD-2-3.25-R,LB-2037,,0,
LB-2038-CRD-2-3.25-L,LB-2038,,0,
LB-2039-CRD-2-3.5-R,LB-2039,,0,
LB-2040-CRD-2-3.5-L,LB-2040,,0,
LB-2041-CRD-2-3.75-R,LB-2041,,0,
LB-2042-CRD-2-3.75-L,LB-2042,,0,
LB-2043-CRD-2-4-R,LB-2043,,0,
LB-2044-CRD-2-4-L,LB-2044,,0,
LB-2045-CRD-3-0.75-R,LB-2045,,0,
LB-2046-CRD-3-0.75-L,LB-2046,,0,
LB-2047-CRD-3-1-R,LB-2047,,0,
LB-2048-CRD-3-1-L,LB-2048,,0,
LB-2049-CRD-3-1.25-R,LB-2049,,0,
LB-2050-CRD-3-1.25-L,LB-2050,,0,
LB-2051-CRD-3-1.5-R,LB-2051,,0,
LB-2052-CRD-3-1.5-L,LB-2052,,0,
LB-2053-CRD-3-1.75-R,LB-2053,,0,
LB-2054-CRD-3-1.75-L,LB-2054,,0,
LB-2055-CRD-3-2-R,LB-2055,,0,
LB-2056-CRD-3-2-L,LB-2056,,0,
LB-2057-CRD-3-2.25-R,LB-2057,,0,
LB-2058-CRD-3-2.25-L,LB-2058,,0,
LB-2059-CRD-3-2.5-R,LB-2059,,0,
LB-2060-CRD-3-2.5-L,LB-2060,,0,
LB-2061-CRD-3-2.75-R,LB-2061,,0,
LB-2062-CRD-3-2.75-L,LB-2062,,0,
LB-2063-CRD-3-3-R,LB-2063,,0,
LB-2064-CRD-3-3-L,LB-2064,,0,
LB-2065-CRD-3-3.25-R,LB-2065,,0,
LB-2066-CRD-3-3.25-L,LB-2066,,0,
LB-2067-CRD-3-3.5-R,LB-2067,,0,
LB-2068-CRD-3-3.5-L,LB-2068,,0,
LB-2069-CRD-3-3.75-R,LB-2069,,0,
LB-2070-CRD-3-3.75-L,LB-2070,,0,
LB-2071-CRD-3-4-R,LB-2071,,0,
LB-2072-CRD-3-4-L,LB-2072,,0,
LB-2073-CRD-4-0.75-R,LB-2073,,0,
LB-2074-CRD-4-0.75-L,LB-2074,,0,
LB-2075-CRD-4-1-R,LB-2075,,0,
LB-2076-CRD-4-1-L,LB-2076,,0,
LB-2077-CRD-4-1.25-R,LB-2077,,0,
LB-2078-CRD-4-1.25-L,LB-2078,,0,
LB-2079-CRD-4-1.5-R,LB-2079,,0,
LB-2080-CRD-4-1.5-L,LB-2080,,0,
LB-2081-CRD-4-1.75-R,LB-2081,,0,
LB-2082-CRD-4-1.75-L,LB-2082,,0,
LB-2083-CRD-4-2-R,LB-2083,,0,
LB-2084-CRD-4-2-L,LB-2084,,0,
LB-2085-CRD-4-2.25-R,LB-2085,,0,
LB-2086-CRD-4-2.25-L,LB-2086,,0,
LB-2087-CRD-4-2.5-R,LB-2087,,0,
LB-2088-CRD-4-2.5-L,LB-2088,,0,
LB-2089-CRD-4-2.75-R,LB-2089,,0,
LB-2090-CRD-4-2.75-L,LB-2090,,0,
LB-2091-CRD-4-3-R,LB-2091,,0,
LB-2092-CRD-4-3-L,LB-2092,,0,
LB-2093-CRD-4-3.25-R,LB-2093,,0,
LB-2094-CRD-4-3.25-L,LB-2094,,0,
LB-2095-CRD-4-3.5-R,LB-2095,,0,
LB-2096-CRD-4-3.5-L,LB-2096,,0,
LB-2097-CRD-4-3.75-R,LB-2097,,0,
LB-2098-CRD-4-3.75-L,LB-2098,,0,
LB-2099-CRD-4-4-R,LB-2099,,0,
LB-2100-CRD-4-4-L,LB-2100,,0,
LB-2101-CRD-5-0.75-R,LB-2101,,0,
LB-2102-CRD-5-0.75-L,LB-2102,,0,
LB-2103-CRD-5-1-R,LB-2103,,0,
LB-2104-CRD-5-1-L,LB-2104,,0,
LB-2105-CRD-5-1.25-R,LB-2105,,0,
LB-2106-CRD-5-1.25-L,LB-2106,,0,
LB-2107-CRD-5-1.5-R,LB-2107,,0,
LB-2108-CRD-5-1.5-L,LB-2108,,0,
LB-2109-CRD-5-1.75-R,LB-2109,,0,
LB-2110-CRD-5-1.75-L,LB-2110,,0,
LB-2111-CRD-5-2-R,LB-2111,,0,
LB-2112-CRD-5-2-L,LB-2112,,0,
LB-2113-CRD-5-2.25-R,LB-2113,,0,
LB-2114-CRD-5-2.25-L,LB-2114,,0,
LB-2115-CRD-5-2.5-R,LB-2115,,0,
LB-2116-CRD-5-2.5-L,LB-2116,,0,
LB-2117-CRD-5-2.75-R,LB-2117,,0,
LB-2118-CRD-5-2.75-L,LB-2118,,0,
LB-2119-CRD-5-3-R,LB-2119,,0,
LB-2120-CRD-5-3-L,LB-2120,,0,
LB-2121-CRD-5-3.25-R,LB-2121,,0,
LB-2122-CRD-5-3.25-L,LB-2122,,0,
LB-2123-CRD-5-3.5-R,LB-2123,,0,
LB-2124-CRD-5-3.5-L,LB-2124,,0,
LB-2125-CRD-5-3.75-R,LB-2125,,0,
LB-2126-CRD-5-3.75-L,LB-2126,,0,
LB-2127-CRD-5-4-R,LB-2127,,0,
LB-2128-CRD-5-4-L,LB-2128,,0,
LB-2129-CRD-6-0.75-R,LB-2129,,0,
LB-2130-CRD-6-0.75-L,LB-2130,,0,
LB-2131-CRD-6-1-R,LB-2131,,0,
LB-2132-CRD-6-1-L,LB-2132,,0,
LB-2133-CRD-6-1.25-R,LB-2133,,0,
LB-2134-CRD-6-1.25-L,LB-2134,,0,
LB-2135-CRD-6-1.5-R,LB-2135,,0,
LB-2136-CRD-6-1.5-L,LB-2136,,0,
LB-2137-CRD-6-1.75-R,LB-2137,,0,
LB-2138-CRD-6-1.75-L,LB-2138,,0,
LB-2139-CRD-6-2-R,LB-2139,,0,
LB-2140-CRD-6-2-L,LB-2140,,0,
LB-2141-CRD-6-2.25-R,LB-2141,,0,
LB-2142-CRD-6-2.25-L,LB-2142,,0,
LB-2143-CRD-6-2.5-R,LB-2143,,0,
LB-2144-CRD-6-2.5-L,LB-2144,,0,
LB-2145-CRD-6-2.75-R,LB-2145,,0,
LB-2146-CRD-6-2.75-L,LB-2146,,0,
LB-2147-CRD-6-3-R,LB-2147,,0,
LB-2148-CRD-6-3-L,LB-2148,,0,
LB-2149-CRD-6-3.25-R,LB-2149,,0,
LB-2150-CRD-6-3.25-L,LB-2150,,0,
LB-2151-CRD-6-3.5-R,LB-2151,,0,
LB-2152-CRD-6-3.5-L,LB-2152,,0,
LB-2153-CRD-6-3.75-R,LB-2153,,0,
LB-2154-CRD-6-3.75-L,LB-2154,,0,
LB-2155-CRD-6-4-R,LB-2155,,0,
LB-2156-CRD-6-4-L,LB-2156,,0,
LB-2157-CRD-7-0.75-R,LB-2157,,0,
LB-2158-CRD-7-0.75-L,LB-2158,,0,
LB-2159-CRD-7-1-R,LB-2159,,0,
LB-2160-CRD-7-1-L,LB-2160,,0,
LB-2161-CRD-7-1.25-R,LB-2161,,0,
LB-2162-CRD-7-1.25-L,LB-2162,,0,
LB-2163-CRD-7-1.5-R,LB-2163,,0,
LB-2164-CRD-7-1.5-L,LB-2164,,0,
LB-2165-CRD-7-1.75-R,LB-2165,,0,
LB-2166-CRD-7-1.75-L,LB-2166,,0,
LB-2167-CRD-7-2-R,LB-2167,,0,
LB-2168-CRD-7-2-L,LB-2168,,0,
LB-2169-CRD-7-2.25-R,LB-2169,,0,
LB-2170-CRD-7-2.25-L,LB-2170,,0,
LB-2171-CRD-7-2.5-R,LB-2171,,0,
LB-2172-CRD-7-2.5-L,LB-2172,,0,
LB-2173-CRD-7-2.75-R,LB-2173,,0,
LB-2174-CRD-7-2.75-L,LB-2174,,0,
LB-2175-CRD-7-3-R,LB-2175,,0,
LB-2176-CRD-7-3-L,LB-2176,,0,
LB-2177-CRD-7-3.25-R,LB-2177,,0,
LB-2178-CRD-7-3.25-L,LB-2178,,0,
LB-2179-CRD-7-3.5-R,LB-2179,,0,
LB-2180-CRD-7-3.5-L,LB-2180,,0,
LB-2181-CRD-7-3.75-R,LB-2181,,0,
LB-2182-CRD-7-3.75-L,LB-2182,,0,
LB-2183-CRD-7-4-R,LB-2183,,0,
LB-2184-CRD-7-4-L,LB-2184,,0,
LB-2185-CRD-8-0.75-R,LB-2185,,0,
LB-2186-CRD-8-0.75-L,LB-2186,,0,
LB-2187-CRD-8-1-R,LB-2187,,0,
LB-2188-CRD-8-1-L,LB-2188,,0,
LB-2189-CRD-8-1.25-R,LB-2189,,0,
LB-2190-CRD-8-1.25-L,LB-2190,,0,
LB-2191-CRD-8-1.5-R,LB-2191,,0,
LB-2192-CRD-8-1.5-L,LB-2192,,0,
LB-2193-CRD-8-1.75-R,LB-2193,,0,
LB-2194-CRD-8-1.75-L,LB-2194,,0,
LB-2195-CRD-8-2-R,LB-2195,,0,
LB-2196-CRD-8-2-L,LB-2196,,0,
LB-2197-CRD-8-2.25-R,LB-2197,,0,
LB-2198-CRD-8-2.25-L,LB-2198,,0,
LB-2199-CRD-8-2.5-R,LB-2199,,0,
LB-2200-CRD-8-2.5-L,LB-2200,,0,
LB-2201-CRD-8-2.75-R,LB-2201,,0,
LB-2202-CRD-8-2.75-L,LB-2202,,0,
LB-2203-CRD-8-3-R,LB-2203,,0,
LB-2204-CRD-8-3-L,LB-2204,,0,
LB-2205-CRD-8-3.25-R,LB-2205,,0,
LB-2206-CRD-8-3.25-L,LB-2206,,0,
LB-2207-CRD-8-3.5-R,LB-2207,,0,
LB-2208-CRD-8-3.5-L,LB-2208,,0,
LB-2209-CRD-8-3.75-R,LB-2209,,0,
LB-2210-CRD-8-3.75-L,LB-2210,,0,
LB-2211-CRD-8-4-R,LB-2211,,0,
LB-2212-CRD-8-4-L,LB-2212,,0,
LB-2969-CRD-PG-0.5-0.75-R,LB-2969,,0,
LB-2970-CRD-PG-0.5-0.75-L,LB-2970,,0,
LB-2971-CRD-PG-0.5-1-R,LB-2971,,0,
LB-2972-CRD-PG-0.5-1-L,LB-2972,,0,
LB-2973-CRD-PG-0.5-1.25-R,LB-2973,,0,
LB-2974-CRD-PG-0.5-1.25-L,LB-2974,,0,
LB-2975-CRD-PG-0.5-1.5-R,LB-2975,,0,
LB-2976-CRD-PG-0.5-1.5-L,LB-2976,,0,
LB-2977-CRD-PG-0.5-1.75-R,LB-2977,,0,
LB-2978-CRD-PG-0.5-1.75-L,LB-2978,,0,
LB-2979-CRD-PG-0.5-2-R,LB-2979,,0,
LB-2980-CRD-PG-0.5-2-L,LB-2980,,0,
LB-2981-CRD-PG-0.5-2.25-R,LB-2981,,0,
LB-2982-CRD-PG-0.5-2.25-L,LB-2982,,0,
LB-2983-CRD-PG-0.5-2.5-R,LB-2983,,0,
LB-2984-CRD-PG-0.5-2.5-L,LB-2984,,0,
LB-2985-CRD-PG-0.5-2.75-R,LB-2985,,0,
LB-2986-CRD-PG-0.5-2.75-L,LB-2986,,0,
LB-2987-CRD-PG-0.5-3-R,LB-2987,,0,
LB-2988-CRD-PG-0.5-3-L,LB-2988,,0,
LB-2989-CRD-PG-0.5-3.25-R,LB-2989,,0,
LB-2990-CRD-PG-0.5-3.25-L,LB-2990,,0,
LB-2991-CRD-PG-0.5-3.5-R,LB-2991,,0,
LB-2992-CRD-PG-0.5-3.5-L,LB-2992,,0,
LB-2993-CRD-PG-0.5-3.75-R,LB-2993,,0,
LB-2994-CRD-PG-0.5-3.75-L,LB-2994,,0,
LB-2995-CRD-PG-0.5-4-R,LB-2995,,0,
LB-2996-CRD-PG-0.5-4-L,LB-2996,,0,
LB-2997-CRD-PG-1-0.75-R,LB-2997,,0,
LB-2998-CRD-PG-1-0.75-L,LB-2998,,0,
LB-2999-CRD-PG-1-1-R,LB-2999,,0,
LB-3000-CRD-PG-1-1-L,LB-3000,,0,
LB-3001-CRD-PG-1-1.25-R,LB-3001,,0,
LB-3002-CRD-PG-1-1.25-L,LB-3002,,0,
LB-3003-CRD-PG-1-1.5-R,LB-3003,,0,
LB-3004-CRD-PG-1-1.5-L,LB-3004,,0,
LB-3005-CRD-PG-1-1.75-R,LB-3005,,0,
LB-3006-CRD-PG-1-1.75-L,LB-3006,,0,
LB-3007-CRD-PG-1-2-R,LB-3007,,0,
LB-3008-CRD-PG-1-2-L,LB-3008,,0,
LB-3009-CRD-PG-1-2.25-R,LB-3009,,0,
LB-3010-CRD-PG-1-2.25-L,LB-3010,,0,
LB-3011-CRD-PG-1-2.5-R,LB-3011,,0,
LB-3012-CRD-PG-1-2.5-L,LB-3012,,0,
LB-3013-CRD-PG-1-2.75-R,LB-3013,,0,
LB-3014-CRD-PG-1-2.75-L,LB-3014,,0,
LB-3015-CRD-PG-1-3-R,LB-3015,,0,
LB-3016-CRD-PG-1-3-L,LB-3016,,0,
LB-3017-CRD-PG-1-3.25-R,LB-3017,,0,
LB-3018-CRD-PG-1-3.25-L,LB-3018,,0,
LB-3019-CRD-PG-1-3.5-R,LB-3019,,0,
LB-3020-CRD-PG-1-3.5-L,LB-3020,,0,
LB-3021-CRD-PG-1-3.75-R,LB-3021,,0,
LB-3022-CRD-PG-1-3.75-L,LB-3022,,0,
LB-3023-CRD-PG-1-4-R,LB-3023,,0,
LB-3024-CRD-PG-1-4-L,LB-3024,,0,
LB-3025-CRD-PG-2-0.75-R,LB-3025,,0,
LB-3026-CRD-PG-2-0.75-L,LB-3026,,0,
LB-3027-CRD-PG-2-1-R,LB-3027,,0,
LB-3028-CRD-PG-2-1-L,LB-3028,,0,
LB-3029-CRD-PG-2-1.25-R,LB-3029,,0,
LB-3030-CRD-PG-2-1.25-L,LB-3030,,0,
LB-3031-CRD-PG-2-1.5-R,LB-3031,,0,
LB-3032-CRD-PG-2-1.5-L,LB-3032,,0,
LB-3033-CRD-PG-2-1.75-R,LB-3033,,0,
LB-3034-CRD-PG-2-1.75-L,LB-3034,,0,
LB-3035-CRD-PG-2-2-R,LB-3035,,0,
LB-3036-CRD-PG-2-2-L,LB-3036,,0,
LB-3037-CRD-PG-2-2.25-R,LB-3037,,0,
LB-3038-CRD-PG-2-2.25-L,LB-3038,,0,
LB-3039-CRD-PG-2-2.5-R,LB-3039,,0,
LB-3040-CRD-PG-2-2.5-L,LB-3040,,0,
LB-3041-CRD-PG-2-2.75-R,LB-3041,,0,
LB-3042-CRD-PG-2-2.75-L,LB-3042,,0,
LB-3043-CRD-PG-2-3-R,LB-3043,,0,
LB-3044-CRD-PG-2-3-L,LB-3044,,0,
LB-3045-CRD-PG-2-3.25-R,LB-3045,,0,
LB-3046-CRD-PG-2-3.25-L,LB-3046,,0,
LB-3047-CRD-PG-2-3.5-R,LB-3047,,0,
LB-3048-CRD-PG-2-3.5-L,LB-3048,,0,
LB-3049-CRD-PG-2-3.75-R,LB-3049,,0,
LB-3050-CRD-PG-2-3.75-L,LB-3050,,0,
LB-3051-CRD-PG-2-4-R,LB-3051,,0,
LB-3052-CRD-PG-2-4-L,LB-3052,,0,
LB-3053-CRD-PG-3-0.75-R,LB-3053,,0,
LB-3054-CRD-PG-3-0.75-L,LB-3054,,0,
LB-3055-CRD-PG-3-1-R,LB-3055,,0,
LB-3056-CRD-PG-3-1-L,LB-3056,,0,
LB-3057-CRD-PG-3-1.25-R,LB-3057,,0,
LB-3058-CRD-PG-3-1.25-L,LB-3058,,0,
LB-3059-CRD-PG-3-1.5-R,LB-3059,,0,
LB-3060-CRD-PG-3-1.5-L,LB-3060,,0,
LB-3061-CRD-PG-3-1.75-R,LB-3061,,0,
LB-3062-CRD-PG-3-1.75-L,LB-3062,,0,
LB-3063-CRD-PG-3-2-R,LB-3063,,0,
LB-3064-CRD-PG-3-2-L,LB-3064,,0,
LB-3065-CRD-PG-3-2.25-R,LB-3065,,0,
LB-3066-CRD-PG-3-2.25-L,LB-3066,,0,
LB-3067-CRD-PG-3-2.5-R,LB-3067,,0,
LB-3068-CRD-PG-3-2.5-L,LB-3068,,0,
LB-3069-CRD-PG-3-2.75-R,LB-3069,,0,
LB-3070-CRD-PG-3-2.75-L,LB-3070,,0,
LB-3071-CRD-PG-3-3-R,LB-3071,,0,
LB-3072-CRD-PG-3-3-L,LB-3072,,0,
LB-3073-CRD-PG-3-3.25-R,LB-3073,,0,
LB-3074-CRD-PG-3-3.25-L,LB-3074,,0,
LB-3075-CRD-PG-3-3.5-R,LB-3075,,0,
LB-3076-CRD-PG-3-3.5-L,LB-3076,,0,
LB-3077-CRD-PG-3-3.75-R,LB-3077,,0,
LB-3078-CRD-PG-3-3.75-L,LB-3078,,0,
LB-3079-CRD-PG-3-4-R,LB-3079,,0,
LB-3080-CRD-PG-3-4-L,LB-3080,,0,
LB-3081-CRD-PG-4-0.75-R,LB-3081,,0,
LB-3082-CRD-PG-4-0.75-L,LB-3082,,0,
LB-3083-CRD-PG-4-1-R,LB-3083,,0,
LB-3084-CRD-PG-4-1-L,LB-3084,,0,
LB-3085-CRD-PG-4-1.25-R,LB-3085,,0,
LB-3086-CRD-PG-4-1.25-L,LB-3086,,0,
LB-3087-CRD-PG-4-1.5-R,LB-3087,,0,
LB-3088-CRD-PG-4-1.5-L,LB-3088,,0,
LB-3089-CRD-PG-4-1.75-R,LB-3089,,0,
LB-3090-CRD-PG-4-1.75-L,LB-3090,,0,
LB-3091-CRD-PG-4-2-R,LB-3091,,0,
LB-3092-CRD-PG-4-2-L,LB-3092,,0,
LB-3093-CRD-PG-4-2.25-R,LB-3093,,0,
LB-3094-CRD-PG-4-2.25-L,LB-3094,,0,
LB-3095-CRD-PG-4-2.5-R,LB-3095,,0,
LB-3096-CRD-PG-4-2.5-L,LB-3096,,0,
LB-3097-CRD-PG-4-2.75-R,LB-3097,,0,
LB-3098-CRD-PG-4-2.75-L,LB-3098,,0,
LB-3099-CRD-PG-4-3-R,LB-3099,,0,
LB-3100-CRD-PG-4-3-L,LB-3100,,0,
LB-3101-CRD-PG-4-3.25-R,LB-3101,,0,
LB-3102-CRD-PG-4-3.25-L,LB-3102,,0,
LB-3103-CRD-PG-4-3.5-R,LB-3103,,0,
LB-3104-CRD-PG-4-3.5-L,LB-3104,,0,
LB-3105-CRD-PG-4-3.75-R,LB-3105,,0,
LB-3106-CRD-PG-4-3.75-L,LB-3106,,0,
LB-3107-CRD-PG-4-4-R,LB-3107,,0,
LB-3108-CRD-PG-4-4-L,LB-3108,,0,
LB-3109-CRD-PG-5-0.75-R,LB-3109,,0,
LB-3110-CRD-PG-5-0.75-L,LB-3110,,0,
LB-3111-CRD-PG-5-1-R,LB-3111,,0,
LB-3112-CRD-PG-5-1-L,LB-3112,,0,
LB-3113-CRD-PG-5-1.25-R,LB-3113,,0,
LB-3114-CRD-PG-5-1.25-L,LB-3114,,0,
LB-3115-CRD-PG-5-1.5-R,LB-3115,,0,
LB-3116-CRD-PG-5-1.5-L,LB-3116,,0,
LB-3117-CRD-PG-5-1.75-R,LB-3117,,0,
LB-3118-CRD-PG-5-1.75-L,LB-3118,,0,
LB-3119-CRD-PG-5-2-R,LB-3119,,0,
LB-3120-CRD-PG-5-2-L,LB-3120,,0,
LB-3121-CRD-PG-5-2.25-R,LB-3121,,0,
LB-3122-CRD-PG-5-2.25-L,LB-3122,,0,
LB-3123-CRD-PG-5-2.5-R,LB-3123,,0,
LB-3124-CRD-PG-5-2.5-L,LB-3124,,0,
LB-3125-CRD-PG-5-2.75-R,LB-3125,,0,
LB-3126-CRD-PG-5-2.75-L,LB-3126,,0,
LB-3127-CRD-PG-5-3-R,LB-3127,,0,
LB-3128-CRD-PG-5-3-L,LB-3128,,0,
LB-3129-CRD-PG-5-3.25-R,LB-3129,,0,
LB-3130-CRD-PG-5-3.25-L,LB-3130,,0,
LB-3131-CRD-PG-5-3.5-R,LB-3131,,0,
LB-3132-CRD-PG-5-3.5-L,LB-3132,,0,
LB-3133-CRD-PG-5-3.75-R,LB-3133,,0,
LB-3134-CRD-PG-5-3.75-L,LB-3134,,0,
LB-3135-CRD-PG-5-4-R,LB-3135,,0,
LB-3136-CRD-PG-5-4-L,LB-3136,,0,
LB-3137-CRD-PG-6-0.75-R,LB-3137,,0,
LB-3138-CRD-PG-6-0.75-L,LB-3138,,0,
LB-3139-CRD-PG-6-1-R,LB-3139,,0,
LB-3140-CRD-PG-6-1-L,LB-3140,,0,
LB-3141-CRD-PG-6-1.25-R,LB-3141,,0,
LB-3142-CRD-PG-6-1.25-L,LB-3142,,0,
LB-3143-CRD-PG-6-1.5-R,LB-3143,,0,
LB-3144-CRD-PG-6-1.5-L,LB-3144,,0,
LB-3145-CRD-PG-6-1.75-R,LB-3145,,0,
LB-3146-CRD-PG-6-1.75-L,LB-3146,,0,
LB-3147-CRD-PG-6-2-R,LB-3147,,0,
LB-3148-CRD-PG-6-2-L,LB-3148,,0,
LB-3149-CRD-PG-6-2.25-R,LB-3149,,0,
LB-3150-CRD-PG-6-2.25-L,LB-3150,,0,
LB-3151-CRD-PG-6-2.5-R,LB-3151,,0,
LB-3152-CRD-PG-6-2.5-L,LB-3152,,0,
LB-3153-CRD-PG-6-2.75-R,LB-3153,,0,
LB-3154-CRD-PG-6-2.75-L,LB-3154,,0,
LB-3155-CRD-PG-6-3-R,LB-3155,,0,
LB-3156-CRD-PG-6-3-L,LB-3156,,0,
LB-3157-CRD-PG-6-3.25-R,LB-3157,,0,
LB-3158-CRD-PG-6-3.25-L,LB-3158,,0,
LB-3159-CRD-PG-6-3.5-R,LB-3159,,0,
LB-3160-CRD-PG-6-3.5-L,LB-3160,,0,
LB-3161-CRD-PG-6-3.75-R,LB-3161,,0,
LB-3162-CRD-PG-6-3.75-L,LB-3162,,0,
LB-3163-CRD-PG-6-4-R,LB-3163,,0,
LB-3164-CRD-PG-6-4-L,LB-3164,,0,
LB-3165-CRD-PG-7-0.75-R,LB-3165,,0,
LB-3166-CRD-PG-7-0.75-L,LB-3166,,0,
LB-3167-CRD-PG-7-1-R,LB-3167,,0,
LB-3168-CRD-PG-7-1-L,LB-3168,,0,
LB-3169-CRD-PG-7-1.25-R,LB-3169,,0,
LB-3170-CRD-PG-7-1.25-L,LB-3170,,0,
LB-3171-CRD-PG-7-1.5-R,LB-3171,,0,
LB-3172-CRD-PG-7-1.5-L,LB-3172,,0,
LB-3173-CRD-PG-7-1.75-R,LB-3173,,0,
LB-3174-CRD-PG-7-1.75-L,LB-3174,,0,
LB-3175-CRD-PG-7-2-R,LB-3175,,0,
LB-3176-CRD-PG-7-2-L,LB-3176,,0,
LB-3177-CRD-PG-7-2.25-R,LB-3177,,0,
LB-3178-CRD-PG-7-2.25-L,LB-3178,,0,
LB-3179-CRD-PG-7-2.5-R,LB-3179,,0,
LB-3180-CRD-PG-7-2.5-L,LB-3180,,0,
LB-3181-CRD-PG-7-2.75-R,LB-3181,,0,
LB-3182-CRD-PG-7-2.75-L,LB-3182,,0,
LB-3183-CRD-PG-7-3-R,LB-3183,,0,
LB-3184-CRD-PG-7-3-L,LB-3184,,0,
LB-3185-CRD-PG-7-3.25-R,LB-3185,,0,
LB-3186-CRD-PG-7-3.25-L,LB-3186,,0,
LB-3187-CRD-PG-7-3.5-R,LB-3187,,0,
LB-3188-CRD-PG-7-3.5-L,LB-3188,,0,
LB-3189-CRD-PG-7-3.75-R,LB-3189,,0,
LB-3190-CRD-PG-7-3.75-L,LB-3190,,0,
LB-3191-CRD-PG-7-4-R,LB-3191,,0,
LB-3192-CRD-PG-7-4-L,LB-3192,,0,
LB-3193-CRD-PG-8-0.75-R,LB-3193,,0,
LB-3194-CRD-PG-8-0.75-L,LB-3194,,0,
LB-3195-CRD-PG-8-1-R,LB-3195,,0,
LB-3196-CRD-PG-8-1-L,LB-3196,,0,
LB-3197-CRD-PG-8-1.25-R,LB-3197,,0,
LB-3198-CRD-PG-8-1.25-L,LB-3198,,0,
LB-3199-CRD-PG-8-1.5-R,LB-3199,,0,
LB-3200-CRD-PG-8-1.5-L,LB-3200,,0,
LB-3201-CRD-PG-8-1.75-R,LB-3201,,0,
LB-3202-CRD-PG-8-1.75-L,LB-3202,,0,
LB-3203-CRD-PG-8-2-R,LB-3203,,0,
LB-3204-CRD-PG-8-2-L,LB-3204,,0,
LB-3205-CRD-PG-8-2.25-R,LB-3205,,0,
LB-3206-CRD-PG-8-2.25-L,LB-3206,,0,
LB-3207-CRD-PG-8-2.5-R,LB-3207,,0,
LB-3208-CRD-PG-8-2.5-L,LB-3208,,0,
LB-3209-CRD-PG-8-2.75-R,LB-3209,,0,
LB-3210-CRD-PG-8-2.75-L,LB-3210,,0,
LB-3211-CRD-PG-8-3-R,LB-3211,,0,
LB-3212-CRD-PG-8-3-L,LB-3212,,0,
LB-3213-CRD-PG-8-3.25-R,LB-3213,,0,
LB-3214-CRD-PG-8-3.25-L,LB-3214,,0,
LB-3215-CRD-PG-8-3.5-R,LB-3215,,0,
LB-3216-CRD-PG-8-3.5-L,LB-3216,,0,
LB-3217-CRD-PG-8-3.75-R,LB-3217,,0,
LB-3218-CRD-PG-8-3.75-L,LB-3218,,0,
LB-3219-CRD-PG-8-4-R,LB-3219,,0,
LB-3220-CRD-PG-8-4-L,LB-3220,,0,
LB-3977-KBF-2-0.75-Nil,LB-3977,,0,
LB-3978-KBF-2-1-Nil,LB-3978,,0,
LB-3979-KBF-2-1.25-Nil,LB-3979,,0,
LB-3980-KBF-2-1.5-Nil,LB-3980,,0,
LB-3981-KBF-2-1.75-Nil,LB-3981,,0,
LB-3982-KBF-2-2-Nil,LB-3982,,0,
LB-3983-KBF-2-2.25-Nil,LB-3983,,0,
LB-3984-KBF-2-2.5-Nil,LB-3984,,0,
LB-3985-KBF-2-2.75-Nil,LB-3985,,0,
LB-3986-KBF-2-3-Nil,LB-3986,,0,
LB-3987-KBF-2-3.25-Nil,LB-3987,,0,
LB-3988-KBF-2-3.5-Nil,LB-3988,,0,
LB-3989-KBF-2-3.75-Nil,LB-3989,,0,
LB-3990-KBF-2-4-Nil,LB-3990,,0,
LB-3991-KBF-3-0.75-Nil,LB-3991,,0,
LB-3992-KBF-3-1-Nil,LB-3992,,0,
LB-3993-KBF-3-1.25-Nil,LB-3993,,0,
LB-3994-KBF-3-1.5-Nil,LB-3994,,0,
LB-3995-KBF-3-1.75-Nil,LB-3995,,0,
LB-3996-KBF-3-2-Nil,LB-3996,,0,
LB-3997-KBF-3-2.25-Nil,LB-3997,,0,
LB-3998-KBF-3-2.5-Nil,LB-3998,,0,
LB-3999-KBF-3-2.75-Nil,LB-3999,,0,
LB-4000-KBF-3-3-Nil,LB-4000,,0,
LB-4001-KBF-3-3.25-Nil,LB-4001,,0,
LB-4002-KBF-3-3.5-Nil,LB-4002,,0,
LB-4003-KBF-3-3.75-Nil,LB-4003,,0,
LB-4004-KBF-3-4-Nil,LB-4004,,0,
LB-4005-KBF-4-0.75-Nil,LB-4005,,0,
LB-4006-KBF-4-1-Nil,LB-4006,,0,
LB-4007-KBF-4-1.25-Nil,LB-4007,,0,
LB-4008-KBF-4-1.5-Nil,LB-4008,,0,
LB-4009-KBF-4-1.75-Nil,LB-4009,,0,
LB-4010-KBF-4-2-Nil,LB-4010,,0,
LB-4011-KBF-4-2.25-Nil,LB-4011,,0,
LB-4012-KBF-4-2.5-Nil,LB-4012,,0,
LB-4013-KBF-4-2.75-Nil,LB-4013,,0,
LB-4014-KBF-4-3-Nil,LB-4014,,0,
LB-4015-KBF-4-3.25-Nil,LB-4015,,0,
LB-4016-KBF-4-3.5-Nil,LB-4016,,0,
LB-4017-KBF-4-3.75-Nil,LB-4017,,0,
LB-4018-KBF-4-4-Nil,LB-4018,,0,
LB-4019-KBF-5-0.75-Nil,LB-4019,,0,
LB-4020-KBF-5-1-Nil,LB-4020,,0,
LB-4021-KBF-5-1.25-Nil,LB-4021,,0,
LB-4022-KBF-5-1.5-Nil,LB-4022,,0,
LB-4023-KBF-5-1.75-Nil,LB-4023,,0,
LB-4024-KBF-5-2-Nil,LB-4024,,0,
LB-4025-KBF-5-2.25-Nil,LB-4025,,0,
LB-4026-KBF-5-2.5-Nil,LB-4026,,0,
LB-4027-KBF-5-2.75-Nil,LB-4027,,0,
LB-4028-KBF-5-3-Nil,LB-4028,,0,
LB-4029-KBF-5-3.25-Nil,LB-4029,,0,
LB-4030-KBF-5-3.5-Nil,LB-4030,,0,
LB-4031-KBF-5-3.75-Nil,LB-4031,,0,
LB-4032-KBF-5-4-Nil,LB-4032,,0,
LB-4033-KBF-6-0.75-Nil,LB-4033,,0,
LB-4034-KBF-6-1-Nil,LB-4034,,0,
LB-4035-KBF-6-1.25-Nil,LB-4035,,0,
LB-4036-KBF-6-1.5-Nil,LB-4036,,0,
LB-4037-KBF-6-1.75-Nil,LB-4037,,0,
LB-4038-KBF-6-2-Nil,LB-4038,,0,
LB-4039-KBF-6-2.25-Nil,LB-4039,,0,
LB-4040-KBF-6-2.5-Nil,LB-4040,,0,
LB-4041-KBF-6-2.75-Nil,LB-4041,,0,
LB-4042-KBF-6-3-Nil,LB-4042,,0,
LB-4043-KBF-6-3.25-Nil,LB-4043,,0,
LB-4044-KBF-6-3.5-Nil,LB-4044,,0,
LB-4045-KBF-6-3.75-Nil,LB-4045,,0,
LB-4046-KBF-6-4-Nil,LB-4046,,0,
LB-4047-KBF-7-0.75-Nil,LB-4047,,0,
LB-4048-KBF-7-1-Nil,LB-4048,,0,
LB-4049-KBF-7-1.25-Nil,LB-4049,,0,
LB-4050-KBF-7-1.5-Nil,LB-4050,,0,
LB-4051-KBF-7-1.75-Nil,LB-4051,,0,
LB-4052-KBF-7-2-Nil,LB-4052,,0,
LB-4053-KBF-7-2.25-Nil,LB-4053,,0,
LB-4054-KBF-7-2.5-Nil,LB-4054,,0,
LB-4055-KBF-7-2.75-Nil,LB-4055,,0,
LB-4056-KBF-7-3-Nil,LB-4056,,0,
LB-4057-KBF-7-3.25-Nil,LB-4057,,0,
LB-4058-KBF-7-3.5-Nil,LB-4058,,0,
LB-4059-KBF-7-3.75-Nil,LB-4059,,0,
LB-4060-KBF-7-4-Nil,LB-4060,,0,
LB-4061-L-KBF-8-0.75-Nil,LB-4061,,0,
LB-4062-L-KBF-8-1-Nil,LB-4062,,0,
LB-4063-L-KBF-8-1.25-Nil,LB-4063,,0,
LB-4064-L-KBF-8-1.5-Nil,LB-4064,,0,
LB-4065-L-KBF-8-1.75-Nil,LB-4065,,0,
LB-4066-L-KBF-8-2-Nil,LB-4066,,0,
LB-4067-L-KBF-8-2.25-Nil,LB-4067,,0,
LB-4068-L-KBF-8-2.5-Nil,LB-4068,,0,
LB-4069-L-KBF-8-2.75-Nil,LB-4069,,0,
LB-4070-L-KBF-8-3-Nil,LB-4070,,0,
LB-4071-L-KBF-8-3.25-Nil,LB-4071,,0,
LB-4072-L-KBF-8-3.5-Nil,LB-4072,,0,
LB-4073-L-KBF-8-3.75-Nil,LB-4073,,0,
LB-4074-L-KBF-8-4-Nil,LB-4074,,0,
LB-4075-L-KBF-9-0.75-Nil,LB-4075,,0,
LB-4076-L-KBF-9-1-Nil,LB-4076,,0,
LB-4077-L-KBF-9-1.25-Nil,LB-4077,,0,
LB-4078-L-KBF-9-1.5-Nil,LB-4078,,0,
LB-4079-L-KBF-9-1.75-Nil,LB-4079,,0,
LB-4080-L-KBF-9-2-Nil,LB-4080,,0,
LB-4081-L-KBF-9-2.25-Nil,LB-4081,,0,
LB-4082-L-KBF-9-2.5-Nil,LB-4082,,0,
LB-4083-L-KBF-9-2.75-Nil,LB-4083,,0,
LB-4084-L-KBF-9-3-Nil,LB-4084,,0,
LB-4085-L-KBF-9-3.25-Nil,LB-4085,,0,
LB-4086-L-KBF-9-3.5-Nil,LB-4086,,0,
LB-4087-L-KBF-9-3.75-Nil,LB-4087,,0,
LB-4088-L-KBF-9-4-Nil,LB-4088,,0,
LB-4089-L-KBF-10-0.75-Nil,LB-4089,,0,
LB-4090-L-KBF-10-1-Nil,LB-4090,,0,
LB-4091-L-KBF-10-1.25-Nil,LB-4091,,0,
LB-4092-L-KBF-10-1.5-Nil,LB-4092,,0,
LB-4093-L-KBF-10-1.75-Nil,LB-4093,,0,
LB-4094-L-KBF-10-2-Nil,LB-4094,,0,
LB-4095-L-KBF-10-2.25-Nil,LB-4095,,0,
LB-4096-L-KBF-10-2.5-Nil,LB-4096,,0,
LB-4097-L-KBF-10-2.75-Nil,LB-4097,,0,
LB-4098-L-KBF-10-3-Nil,LB-4098,,0,
LB-4099-L-KBF-10-3.25-Nil,LB-4099,,0,
LB-4100-L-KBF-10-3.5-Nil,LB-4100,,0,
LB-4101-L-KBF-10-3.75-Nil,LB-4101,,0,
LB-4102-L-KBF-10-4-Nil,LB-4102,,0,
LB-4103-L-KBF-11-0.75-Nil,LB-4103,,0,
LB-4104-L-KBF-11-1-Nil,LB-4104,,0,
LB-4105-L-KBF-11-1.25-Nil,LB-4105,,0,
LB-4106-L-KBF-11-1.5-Nil,LB-4106,,0,
LB-4107-L-KBF-11-1.75-Nil,LB-4107,,0,
LB-4108-L-KBF-11-2-Nil,LB-4108,,0,
LB-4109-L-KBF-11-2.25-Nil,LB-4109,,0,
LB-4110-L-KBF-11-2.5-Nil,LB-4110,,0,
LB-4111-L-KBF-11-2.75-Nil,LB-4111,,0,
LB-4112-L-KBF-11-3-Nil,LB-4112,,0,
LB-4113-L-KBF-11-3.25-Nil,LB-4113,,0,
LB-4114-L-KBF-11-3.5-Nil,LB-4114,,0,
LB-4115-L-KBF-11-3.75-Nil,LB-4115,,0,
LB-4116-L-KBF-11-4-Nil,LB-4116,,0,
LB-4117-L-KBF-12-0.75-Nil,LB-4117,,0,
LB-4118-L-KBF-12-1-Nil,LB-4118,,0,
LB-4119-L-KBF-12-1.25-Nil,LB-4119,,0,
LB-4120-L-KBF-12-1.5-Nil,LB-4120,,0,
LB-4121-L-KBF-12-1.75-Nil,LB-4121,,0,
LB-4122-L-KBF-12-2-Nil,LB-4122,,0,
LB-4123-L-KBF-12-2.25-Nil,LB-4123,,0,
LB-4124-L-KBF-12-2.5-Nil,LB-4124,,0,
LB-4125-L-KBF-12-2.75-Nil,LB-4125,,0,
LB-4126-L-KBF-12-3-Nil,LB-4126,,0,
LB-4127-L-KBF-12-3.25-Nil,LB-4127,,0,
LB-4128-L-KBF-12-3.5-Nil,LB-4128,,0,
LB-4129-L-KBF-12-3.75-Nil,LB-4129,,0,
LB-4130-L-KBF-12-4-Nil,LB-4130,,0,
LB-4131-L-KBF-13-0.75-Nil,LB-4131,,0,
LB-4132-L-KBF-13-1-Nil,LB-4132,,0,
LB-4133-L-KBF-13-1.25-Nil,LB-4133,,0,
LB-4134-L-KBF-13-1.5-Nil,LB-4134,,0,
LB-4135-L-KBF-13-1.75-Nil,LB-4135,,0,
LB-4136-L-KBF-13-2-Nil,LB-4136,,0,
LB-4137-L-KBF-13-2.25-Nil,LB-4137,,0,
LB-4138-L-KBF-13-2.5-Nil,LB-4138,,0,
LB-4139-L-KBF-13-2.75-Nil,LB-4139,,0,
LB-4140-L-KBF-13-3-Nil,LB-4140,,0,
LB-4141-L-KBF-13-3.25-Nil,LB-4141,,0,
LB-4142-L-KBF-13-3.5-Nil,LB-4142,,0,
LB-4143-L-KBF-13-3.75-Nil,LB-4143,,0,
LB-4144-L-KBF-13-4-Nil,LB-4144,,0,
LB-4145-L-KBF-14-0.75-Nil,LB-4145,,0,
LB-4146-L-KBF-14-1-Nil,LB-4146,,0,
LB-4147-L-KBF-14-1.25-Nil,LB-4147,,0,
LB-4148-L-KBF-14-1.5-Nil,LB-4148,,0,
LB-4149-L-KBF-14-1.75-Nil,LB-4149,,0,
LB-4150-L-KBF-14-2-Nil,LB-4150,,0,
LB-4151-L-KBF-14-2.25-Nil,LB-4151,,0,
LB-4152-L-KBF-14-2.5-Nil,LB-4152,,0,
LB-4153-L-KBF-14-2.75-Nil,LB-4153,,0,
LB-4154-L-KBF-14-3-Nil,LB-4154,,0,
LB-4155-L-KBF-14-3.25-Nil,LB-4155,,0,
LB-4156-L-KBF-14-3.5-Nil,LB-4156,,0,
LB-4157-L-KBF-14-3.75-Nil,LB-4157,,0,
LB-4158-L-KBF-14-4-Nil,LB-4158,,0,
LB-4159-L-KBF-15-0.75-Nil,LB-4159,,0,
LB-4160-L-KBF-15-1-Nil,LB-4160,,0,
LB-4161-L-KBF-15-1.25-Nil,LB-4161,,0,
LB-4162-L-KBF-15-1.5-Nil,LB-4162,,0,
LB-4163-L-KBF-15-1.75-Nil,LB-4163,,0,
LB-4164-L-KBF-15-2-Nil,LB-4164,,0,
LB-4165-L-KBF-15-2.25-Nil,LB-4165,,0,
LB-4166-L-KBF-15-2.5-Nil,LB-4166,,0,
LB-4167-L-KBF-15-2.75-Nil,LB-4167,,0,
LB-4168-L-KBF-15-3-Nil,LB-4168,,0,
LB-4169-L-KBF-15-3.25-Nil,LB-4169,,0,
LB-4170-L-KBF-15-3.5-Nil,LB-4170,,0,
LB-4171-L-KBF-15-3.75-Nil,LB-4171,,0,
LB-4172-L-KBF-15-4-Nil,LB-4172,,0,
LB-4173-L-KBF-16-0.75-Nil,LB-4173,,0,
LB-4174-L-KBF-16-1-Nil,LB-4174,,0,
LB-4175-L-KBF-16-1.25-Nil,LB-4175,,0,
LB-4176-L-KBF-16-1.5-Nil,LB-4176,,0,
LB-4177-L-KBF-16-1.75-Nil,LB-4177,,0,
LB-4178-L-KBF-16-2-Nil,LB-4178,,0,
LB-4179-L-KBF-16-2.25-Nil,LB-4179,,0,
LB-4180-L-KBF-16-2.5-Nil,LB-4180,,0,
LB-4181-L-KBF-16-2.75-Nil,LB-4181,,0,
LB-4182-L-KBF-16-3-Nil,LB-4182,,0,
LB-4183-L-KBF-16-3.25-Nil,LB-4183,,0,
LB-4184-L-KBF-16-3.5-Nil,LB-4184,,0,
LB-4185-L-KBF-16-3.75-Nil,LB-4185,,0,
LB-4186-L-KBF-16-4-Nil,LB-4186,,0,
LB-4187-L-KBF-17-0.75-Nil,LB-4187,,0,
LB-4188-L-KBF-17-1-Nil,LB-4188,,0,
LB-4189-L-KBF-17-1.25-Nil,LB-4189,,0,
LB-4190-L-KBF-17-1.5-Nil,LB-4190,,0,
LB-4191-L-KBF-17-1.75-Nil,LB-4191,,0,
LB-4192-L-KBF-17-2-Nil,LB-4192,,0,
LB-4193-L-KBF-17-2.25-Nil,LB-4193,,0,
LB-4194-L-KBF-17-2.5-Nil,LB-4194,,0,
LB-4195-L-KBF-17-2.75-Nil,LB-4195,,0,
LB-4196-L-KBF-17-3-Nil,LB-4196,,0,
LB-4197-L-KBF-17-3.25-Nil,LB-4197,,0,
LB-4198-L-KBF-17-3.5-Nil,LB-4198,,0,
LB-4199-L-KBF-17-3.75-Nil,LB-4199,,0,
LB-4200-L-KBF-17-4-Nil,LB-4200,,0,
LB-4201-L-KBF-18-0.75-Nil,LB-4201,,0,
LB-4202-L-KBF-18-1-Nil,LB-4202,,0,
LB-4203-L-KBF-18-1.25-Nil,LB-4203,,0,
LB-4204-L-KBF-18-1.5-Nil,LB-4204,,0,
LB-4205-L-KBF-18-1.75-Nil,LB-4205,,0,
LB-4206-L-KBF-18-2-Nil,LB-4206,,0,
LB-4207-L-KBF-18-2.25-Nil,LB-4207,,0,
LB-4208-L-KBF-18-2.5-Nil,LB-4208,,0,
LB-4209-L-KBF-18-2.75-Nil,LB-4209,,0,
LB-4210-L-KBF-18-3-Nil,LB-4210,,0,
LB-4211-L-KBF-18-3.25-Nil,LB-4211,,0,
LB-4212-L-KBF-18-3.5-Nil,LB-4212,,0,
LB-4213-L-KBF-18-3.75-Nil,LB-4213,,0,
LB-4214-L-KBF-18-4-Nil,LB-4214,,0,
LB-4929-KBF-PG-2-0.75-Nil,LB-4929,,0,
LB-4930-KBF-PG-2-1-Nil,LB-4930,,0,
LB-4931-KBF-PG-2-1.25-Nil,LB-4931,,0,
LB-4932-KBF-PG-2-1.5-Nil,LB-4932,,0,
LB-4933-KBF-PG-2-1.75-Nil,LB-4933,,0,
LB-4934-KBF-PG-2-2-Nil,LB-4934,,0,
LB-4935-KBF-PG-2-2.25-Nil,LB-4935,,0,
LB-4936-KBF-PG-2-2.5-Nil,LB-4936,,0,
LB-4937-KBF-PG-2-2.75-Nil,LB-4937,,0,
LB-4938-KBF-PG-2-3-Nil,LB-4938,,0,
LB-4939-KBF-PG-2-3.25-Nil,LB-4939,,0,
LB-4940-KBF-PG-2-3.5-Nil,LB-4940,,0,
LB-4941-KBF-PG-2-3.75-Nil,LB-4941,,0,
LB-4942-KBF-PG-2-4-Nil,LB-4942,,0,
LB-4943-KBF-PG-3-0.75-Nil,LB-4943,,0,
LB-4944-KBF-PG-3-1-Nil,LB-4944,,0,
LB-4945-KBF-PG-3-1.25-Nil,LB-4945,,0,
LB-4946-KBF-PG-3-1.5-Nil,LB-4946,,0,
LB-4947-KBF-PG-3-1.75-Nil,LB-4947,,0,
LB-4948-KBF-PG-3-2-Nil,LB-4948,,0,
LB-4949-KBF-PG-3-2.25-Nil,LB-4949,,0,
LB-4950-KBF-PG-3-2.5-Nil,LB-4950,,0,
LB-4951-KBF-PG-3-2.75-Nil,LB-4951,,0,
LB-4952-KBF-PG-3-3-Nil,LB-4952,,0,
LB-4953-KBF-PG-3-3.25-Nil,LB-4953,,0,
LB-4954-KBF-PG-3-3.5-Nil,LB-4954,,0,
LB-4955-KBF-PG-3-3.75-Nil,LB-4955,,0,
LB-4956-KBF-PG-3-4-Nil,LB-4956,,0,
LB-4957-KBF-PG-4-0.75-Nil,LB-4957,,0,
LB-4958-KBF-PG-4-1-Nil,LB-4958,,0,
LB-4959-KBF-PG-4-1.25-Nil,LB-4959,,0,
LB-4960-KBF-PG-4-1.5-Nil,LB-4960,,0,
LB-4961-KBF-PG-4-1.75-Nil,LB-4961,,0,
LB-4962-KBF-PG-4-2-Nil,LB-4962,,0,
LB-4963-KBF-PG-4-2.25-Nil,LB-4963,,0,
LB-4964-KBF-PG-4-2.5-Nil,LB-4964,,0,
LB-4965-KBF-PG-4-2.75-Nil,LB-4965,,0,
LB-4966-KBF-PG-4-3-Nil,LB-4966,,0,
LB-4967-KBF-PG-4-3.25-Nil,LB-4967,,0,
LB-4968-KBF-PG-4-3.5-Nil,LB-4968,,0,
LB-4969-KBF-PG-4-3.75-Nil,LB-4969,,0,
LB-4970-KBF-PG-4-4-Nil,LB-4970,,0,
LB-4971-KBF-PG-5-0.75-Nil,LB-4971,,0,
LB-4972-KBF-PG-5-1-Nil,LB-4972,,0,
LB-4973-KBF-PG-5-1.25-Nil,LB-4973,,0,
LB-4974-KBF-PG-5-1.5-Nil,LB-4974,,0,
LB-4975-KBF-PG-5-1.75-Nil,LB-4975,,0,
LB-4976-KBF-PG-5-2-Nil,LB-4976,,0,
LB-4977-KBF-PG-5-2.25-Nil,LB-4977,,0,
LB-4978-KBF-PG-5-2.5-Nil,LB-4978,,0,
LB-4979-KBF-PG-5-2.75-Nil,LB-4979,,0,
LB-4980-KBF-PG-5-3-Nil,LB-4980,,0,
LB-4981-KBF-PG-5-3.25-Nil,LB-4981,,0,
LB-4982-KBF-PG-5-3.5-Nil,LB-4982,,0,
LB-4983-KBF-PG-5-3.75-Nil,LB-4983,,0,
LB-4984-KBF-PG-5-4-Nil,LB-4984,,0,
LB-4985-KBF-PG-6-0.75-Nil,LB-4985,,0,
LB-4986-KBF-PG-6-1-Nil,LB-4986,,0,
LB-4987-KBF-PG-6-1.25-Nil,LB-4987,,0,
LB-4988-KBF-PG-6-1.5-Nil,LB-4988,,0,
LB-4989-KBF-PG-6-1.75-Nil,LB-4989,,0,
LB-4990-KBF-PG-6-2-Nil,LB-4990,,0,
LB-4991-KBF-PG-6-2.25-Nil,LB-4991,,0,
LB-4992-KBF-PG-6-2.5-Nil,LB-4992,,0,
LB-4993-KBF-PG-6-2.75-Nil,LB-4993,,0,
LB-4994-KBF-PG-6-3-Nil,LB-4994,,0,
LB-4995-KBF-PG-6-3.25-Nil,LB-4995,,0,
LB-4996-KBF-PG-6-3.5-Nil,LB-4996,,0,
LB-4997-KBF-PG-6-3.75-Nil,LB-4997,,0,
LB-4998-KBF-PG-6-4-Nil,LB-4998,,0,
LB-4999-KBF-PG-7-0.75-Nil,LB-4999,,0,
LB-5000-KBF-PG-7-1-Nil,LB-5000,,0,
LB-5001-KBF-PG-7-1.25-Nil,LB-5001,,0,
LB-5002-KBF-PG-7-1.5-Nil,LB-5002,,0,
LB-5003-KBF-PG-7-1.75-Nil,LB-5003,,0,
LB-5004-KBF-PG-7-2-Nil,LB-5004,,0,
LB-5005-KBF-PG-7-2.25-Nil,LB-5005,,0,
LB-5006-KBF-PG-7-2.5-Nil,LB-5006,,0,
LB-5007-KBF-PG-7-2.75-Nil,LB-5007,,0,
LB-5008-KBF-PG-7-3-Nil,LB-5008,,0,
LB-5009-KBF-PG-7-3.25-Nil,LB-5009,,0,
LB-5010-KBF-PG-7-3.5-Nil,LB-5010,,0,
LB-5011-KBF-PG-7-3.75-Nil,LB-5011,,0,
LB-5012-KBF-PG-7-4-Nil,LB-5012,,0,
LB-5013-KBF-PG-8-0.75-Nil,LB-5013,,0,
LB-5014-KBF-PG-8-1-Nil,LB-5014,,0,
LB-5015-KBF-PG-8-1.25-Nil,LB-5015,,0,
LB-5016-KBF-PG-8-1.5-Nil,LB-5016,,0,
LB-5017-KBF-PG-8-1.75-Nil,LB-5017,,0,
LB-5018-KBF-PG-8-2-Nil,LB-5018,,0,
LB-5019-KBF-PG-8-2.25-Nil,LB-5019,,0,
LB-5020-KBF-PG-8-2.5-Nil,LB-5020,,0,
LB-5021-KBF-PG-8-2.75-Nil,LB-5021,,0,
LB-5022-KBF-PG-8-3-Nil,LB-5022,,0,
LB-5023-KBF-PG-8-3.25-Nil,LB-5023,,0,
LB-5024-KBF-PG-8-3.5-Nil,LB-5024,,0,
LB-5025-KBF-PG-8-3.75-Nil,LB-5025,,0,
LB-5026-KBF-PG-8-4-Nil,LB-5026,,0,
LB-5321-SV-0-Nil-Nil,LB-5321,,0,
LB-5322-SV-2-Nil-Nil,LB-5322,,0,
LB-5323-SV-4-Nil-Nil,LB-5323,,0,
LB-5324-SV-6-Nil-Nil,LB-5324,,0,
LB-5325-SV-8-Nil-Nil,LB-5325,,0,
LB-5326-SV-10-Nil-Nil,LB-5326,,0,
LB-5327-SV-12-Nil-Nil,LB-5327,,0,
LB-5328-SV-14-Nil-Nil,LB-5328,,0,
LB-5329-SV-16-Nil-Nil,LB-5329,,0,
LB-5330-SV-18-Nil-Nil,LB-5330,,0,
LB-5331-SV-20-Nil-Nil,LB-5331,,0,
LB-5365-SV-PG-0-Nil-Nil,LB-5365,,0,
LB-5366-SV-PG-2-Nil-Nil,LB-5366,,0,
LB-5367-SV-PG-4-Nil-Nil,LB-5367,,0,
LB-5368-SV-PG-6-Nil-Nil,LB-5368,,0,
LB-5369-SV-PG-8-Nil-Nil,LB-5369,,0,
LB-5370-SV-PG-10-Nil-Nil,LB-5370,,0,
LB-5371-SV-PG-12-Nil-Nil,LB-5371,,0,
LB-5372-SV-PG-14-Nil-Nil,LB-5372,,0,
LB-5373-SV-PG-16-Nil-Nil,LB-5373,,0,
LB-5374-SV-PG-18-Nil-Nil,LB-5374,,0,
LB-5375-SV-PG-20-Nil-Nil,LB-5375,,0,
LB-5815-PRO-2-0.75-70mm,LB-5815,,0,
LB-5816-PRO-2-0.75-70mm,LB-5816,,0,
LB-5817-PRO-2-1-70mm,LB-5817,,0,
LB-5818-PRO-2-1-70mm,LB-5818,,0,
LB-5819-PRO-2-1.25-70mm,LB-5819,,0,
LB-5820-PRO-2-1.25-70mm,LB-5820,,0,
LB-5821-PRO-2-1.5-70mm,LB-5821,,0,
LB-5822-PRO-2-1.5-70mm,LB-5822,,0,
LB-5823-PRO-2-1.75-70mm,LB-5823,,0,
LB-5824-PRO-2-1.75-70mm,LB-5824,,0,
LB-5825-PRO-2-2-70mm,LB-5825,,0,
LB-5826-PRO-2-2-70mm,LB-5826,,0,
LB-5827-PRO-2-2.25-70mm,LB-5827,,0,
LB-5828-PRO-2-2.25-70mm,LB-5828,,0,
LB-5829-PRO-2-2.5-70mm,LB-5829,,0,
LB-5830-PRO-2-2.5-70mm,LB-5830,,0,
LB-5831-PRO-2-2.75-70mm,LB-5831,,0,
LB-5832-PRO-2-2.75-70mm,LB-5832,,0,
LB-5833-PRO-2-3-70mm,LB-5833,,0,
LB-5834-PRO-2-3-70mm,LB-5834,,0,
LB-5835-PRO-2-3.25-70mm,LB-5835,,0,
LB-5836-PRO-2-3.25-70mm,LB-5836,,0,
LB-5837-PRO-2-3.5-70mm,LB-5837,,0,
LB-5838-PRO-2-3.5-70mm,LB-5838,,0,
LB-5839-PRO-2-3.75-70mm,LB-5839,,0,
LB-5840-PRO-2-3.75-70mm,LB-5840,,0,
LB-5841-PRO-2-4-70mm,LB-5841,,0,
LB-5842-PRO-2-4-70mm,LB-5842,,0,
LB-5843-PRO-3-0.75-70mm,LB-5843,,0,
LB-5844-PRO-3-0.75-70mm,LB-5844,,0,
LB-5845-PRO-3-1-70mm,LB-5845,,0,
LB-5846-PRO-3-1-70mm,LB-5846,,0,
LB-5847-PRO-3-1.25-70mm,LB-5847,,0,
LB-5848-PRO-3-1.25-70mm,LB-5848,,0,
LB-5849-PRO-3-1.5-70mm,LB-5849,,0,
LB-5850-PRO-3-1.5-70mm,LB-5850,,0,
LB-5851-PRO-3-1.75-70mm,LB-5851,,0,
LB-5852-PRO-3-1.75-70mm,LB-5852,,0,
LB-5853-PRO-3-2-70mm,LB-5853,,0,
LB-5854-PRO-3-2-70mm,LB-5854,,0,
LB-5855-PRO-3-2.25-70mm,LB-5855,,0,
LB-5856-PRO-3-2.25-70mm,LB-5856,,0,
LB-5857-PRO-3-2.5-70mm,LB-5857,,0,
LB-5858-PRO-3-2.5-70mm,LB-5858,,0,
LB-5859-PRO-3-2.75-70mm,LB-5859,,0,
LB-5860-PRO-3-2.75-70mm,LB-5860,,0,
LB-5861-PRO-3-3-70mm,LB-5861,,0,
LB-5862-PRO-3-3-70mm,LB-5862,,0,
LB-5863-PRO-3-3.25-70mm,LB-5863,,0,
LB-5864-PRO-3-3.25-70mm,LB-5864,,0,
LB-5865-PRO-3-3.5-70mm,LB-5865,,0,
LB-5866-PRO-3-3.5-70mm,LB-5866,,0,
LB-5867-PRO-3-3.75-70mm,LB-5867,,0,
LB-5868-PRO-3-3.75-70mm,LB-5868,,0,
LB-5869-PRO-3-4-70mm,LB-5869,,0,
LB-5870-PRO-3-4-70mm,LB-5870,,0,
LB-5871-PRO-4-0.75-70mm,LB-5871,,0,
LB-5872-PRO-4-0.75-70mm,LB-5872,,0,
LB-5873-PRO-4-1-70mm,LB-5873,,0,
LB-5874-PRO-4-1-70mm,LB-5874,,0,
LB-5875-PRO-4-1.25-70mm,LB-5875,,0,
LB-5876-PRO-4-1.25-70mm,LB-5876,,0,
LB-5877-PRO-4-1.5-70mm,LB-5877,,0,
LB-5878-PRO-4-1.5-70mm,LB-5878,,0,
LB-5879-PRO-4-1.75-70mm,LB-5879,,0,
LB-5880-PRO-4-1.75-70mm,LB-5880,,0,
LB-5881-PRO-4-2-70mm,LB-5881,,0,
LB-5882-PRO-4-2-70mm,LB-5882,,0,
LB-5883-PRO-4-2.25-70mm,LB-5883,,0,
LB-5884-PRO-4-2.25-70mm,LB-5884,,0,
LB-5885-PRO-4-2.5-70mm,LB-5885,,0,
LB-5886-PRO-4-2.5-70mm,LB-5886,,0,
LB-5887-PRO-4-2.75-70mm,LB-5887,,0,
LB-5888-PRO-4-2.75-70mm,LB-5888,,0,
LB-5889-PRO-4-3-70mm,LB-5889,,0,
LB-5890-PRO-4-3-70mm,LB-5890,,0,
LB-5891-PRO-4-3.25-70mm,LB-5891,,0,
LB-5892-PRO-4-3.25-70mm,LB-5892,,0,
LB-5893-PRO-4-3.5-70mm,LB-5893,,0,
LB-5894-PRO-4-3.5-70mm,LB-5894,,0,
LB-5895-PRO-4-3.75-70mm,LB-5895,,0,
LB-5896-PRO-4-3.75-70mm,LB-5896,,0,
LB-5897-PRO-4-4-70mm,LB-5897,,0,
LB-5898-PRO-4-4-70mm,LB-5898,,0,
LB-5899-PRO-5-0.75-70mm,LB-5899,,0,
LB-5900-PRO-5-0.75-70mm,LB-5900,,0,
LB-5901-PRO-5-1-70mm,LB-5901,,0,
LB-5902-PRO-5-1-70mm,LB-5902,,0,
LB-5903-PRO-5-1.25-70mm,LB-5903,,0,
LB-5904-PRO-5-1.25-70mm,LB-5904,,0,
LB-5905-PRO-5-1.5-70mm,LB-5905,,0,
LB-5906-PRO-5-1.5-70mm,LB-5906,,0,
LB-5907-PRO-5-1.75-70mm,LB-5907,,0,
LB-5908-PRO-5-1.75-70mm,LB-5908,,0,
LB-5909-PRO-5-2-70mm,LB-5909,,0,
LB-5910-PRO-5-2-70mm,LB-5910,,0,
LB-5911-PRO-5-2.25-70mm,LB-5911,,0,
LB-5912-PRO-5-2.25-70mm,LB-5912,,0,
LB-5913-PRO-5-2.5-70mm,LB-5913,,0,
LB-5914-PRO-5-2.5-70mm,LB-5914,,0,
LB-5915-PRO-5-2.75-70mm,LB-5915,,0,
LB-5916-PRO-5-2.75-70mm,LB-5916,,0,
LB-5917-PRO-5-3-70mm,LB-5917,,0,
LB-5918-PRO-5-3-70mm,LB-5918,,0,
LB-5919-PRO-5-3.25-70mm,LB-5919,,0,
LB-5920-PRO-5-3.25-70mm,LB-5920,,0,
LB-5921-PRO-5-3.5-70mm,LB-5921,,0,
LB-5922-PRO-5-3.5-70mm,LB-5922,,0,
LB-5923-PRO-5-3.75-70mm,LB-5923,,0,
LB-5924-PRO-5-3.75-70mm,LB-5924,,0,
LB-5925-PRO-5-4-70mm,LB-5925,,0,
LB-5926-PRO-5-4-70mm,LB-5926,,0,
LB-5927-PRO-6-0.75-70mm,LB-5927,,0,
LB-5928-PRO-6-0.75-70mm,LB-5928,,0,
LB-5929-PRO-6-1-70mm,LB-5929,,0,
LB-5930-PRO-6-1-70mm,LB-5930,,0,
LB-5931-PRO-6-1.25-70mm,LB-5931,,0,
LB-5932-PRO-6-1.25-70mm,LB-5932,,0,
LB-5933-PRO-6-1.5-70mm,LB-5933,,0,
LB-5934-PRO-6-1.5-70mm,LB-5934,,0,
LB-5935-PRO-6-1.75-70mm,LB-5935,,0,
LB-5936-PRO-6-1.75-70mm,LB-5936,,0,
LB-5937-PRO-6-2-70mm,LB-5937,,0,
LB-5938-PRO-6-2-70mm,LB-5938,,0,
LB-5939-PRO-6-2.25-70mm,LB-5939,,0,
LB-5940-PRO-6-2.25-70mm,LB-5940,,0,
LB-5941-PRO-6-2.5-70mm,LB-5941,,0,
LB-5942-PRO-6-2.5-70mm,LB-5942,,0,
LB-5943-PRO-6-2.75-70mm,LB-5943,,0,
LB-5944-PRO-6-2.75-70mm,LB-5944,,0,
LB-5945-PRO-6-3-70mm,LB-5945,,0,
LB-5946-PRO-6-3-70mm,LB-5946,,0,
LB-5947-PRO-6-3.25-70mm,LB-5947,,0,
LB-5948-PRO-6-3.25-70mm,LB-5948,,0,
LB-5949-PRO-6-3.5-70mm,LB-5949,,0,
LB-5950-PRO-6-3.5-70mm,LB-5950,,0,
LB-5951-PRO-6-3.75-70mm,LB-5951,,0,
LB-5952-PRO-6-3.75-70mm,LB-5952,,0,
LB-5953-PRO-6-4-70mm,LB-5953,,0,
LB-5954-PRO-6-4-70mm,LB-5954,,0,
LB-5955-PRO-7-0.75-70mm,LB-5955,,0,
LB-5956-PRO-7-0.75-70mm,LB-5956,,0,
LB-5957-PRO-7-1-70mm,LB-5957,,0,
LB-5958-PRO-7-1-70mm,LB-5958,,0,
LB-5959-PRO-7-1.25-70mm,LB-5959,,0,
LB-5960-PRO-7-1.25-70mm,LB-5960,,0,
LB-5961-PRO-7-1.5-70mm,LB-5961,,0,
LB-5962-PRO-7-1.5-70mm,LB-5962,,0,
LB-5963-PRO-7-1.75-70mm,LB-5963,,0,
LB-5964-PRO-7-1.75-70mm,LB-5964,,0,
LB-5965-PRO-7-2-70mm,LB-5965,,0,
LB-5966-PRO-7-2-70mm,LB-5966,,0,
LB-5967-PRO-7-2.25-70mm,LB-5967,,0,
LB-5968-PRO-7-2.25-70mm,LB-5968,,0,
LB-5969-PRO-7-2.5-70mm,LB-5969,,0,
LB-5970-PRO-7-2.5-70mm,LB-5970,,0,
LB-5971-PRO-7-2.75-70mm,LB-5971,,0,
LB-5972-PRO-7-2.75-70mm,LB-5972,,0,
LB-5973-PRO-7-3-70mm,LB-5973,,0,
LB-5974-PRO-7-3-70mm,LB-5974,,0,
LB-5975-PRO-7-3.25-70mm,LB-5975,,0,
LB-5976-PRO-7-3.25-70mm,LB-5976,,0,
LB-5977-PRO-7-3.5-70mm,LB-5977,,0,
LB-5978-PRO-7-3.5-70mm,LB-5978,,0,
LB-5979-PRO-7-3.75-70mm,LB-5979,,0,
LB-5980-PRO-7-3.75-70mm,LB-5980,,0,
LB-5981-PRO-7-4-70mm,LB-5981,,0,
LB-5982-PRO-7-4-70mm,LB-5982,,0,
LB-5983-PRO-8-0.75-70mm,LB-5983,,0,
LB-5984-PRO-8-0.75-70mm,LB-5984,,0,
LB-5985-PRO-8-1-70mm,LB-5985,,0,
LB-5986-PRO-8-1-70mm,LB-5986,,0,
LB-5987-PRO-8-1.25-70mm,LB-5987,,0,
LB-5988-PRO-8-1.25-70mm,LB-5988,,0,
LB-5989-PRO-8-1.5-70mm,LB-5989,,0,
LB-5990-PRO-8-1.5-70mm,LB-5990,,0,
LB-5991-PRO-8-1.75-70mm,LB-5991,,0,
LB-5992-PRO-8-1.75-70mm,LB-5992,,0,
LB-5993-PRO-8-2-70mm,LB-5993,,0,
LB-5994-PRO-8-2-70mm,LB-5994,,0,
LB-5995-PRO-8-2.25-70mm,LB-5995,,0,
LB-5996-PRO-8-2.25-70mm,LB-5996,,0,
LB-5997-PRO-8-2.5-70mm,LB-5997,,0,
LB-5998-PRO-8-2.5-70mm,LB-5998,,0,
LB-5999-PRO-8-2.75-70mm,LB-5999,,0,
LB-6000-PRO-8-2.75-70mm,LB-6000,,0,
LB-6001-PRO-8-3-70mm,LB-6001,,0,
LB-6002-PRO-8-3-70mm,LB-6002,,0,
LB-6003-PRO-8-3.25-70mm,LB-6003,,0,
LB-6004-PRO-8-3.25-70mm,LB-6004,,0,
LB-6005-PRO-8-3.5-70mm,LB-6005,,0,
LB-6006-PRO-8-3.5-70mm,LB-6006,,0,
LB-6007-PRO-8-3.75-70mm,LB-6007,,0,
LB-6008-PRO-8-3.75-70mm,LB-6008,,0,
LB-6009-PRO-8-4-70mm,LB-6009,,0,
LB-6010-PRO-8-4-70mm,LB-6010,,0,
LB-6879-PRO-PG-1-0.75-70mm,LB-6879,,0,
LB-6880-PRO-PG-1-0.75-70mm,LB-6880,,0,
LB-6881-PRO-PG-1-1-70mm,LB-6881,,0,
LB-6882-PRO-PG-1-1-70mm,LB-6882,,0,
LB-6883-PRO-PG-1-1.25-70mm,LB-6883,,0,
LB-6884-PRO-PG-1-1.25-70mm,LB-6884,,0,
LB-6885-PRO-PG-1-1.5-70mm,LB-6885,,0,
LB-6886-PRO-PG-1-1.5-70mm,LB-6886,,0,
LB-6887-PRO-PG-1-1.75-70mm,LB-6887,,0,
LB-6888-PRO-PG-1-1.75-70mm,LB-6888,,0,
LB-6889-PRO-PG-1-2-70mm,LB-6889,,0,
LB-6890-PRO-PG-1-2-70mm,LB-6890,,0,
LB-6891-PRO-PG-1-2.25-70mm,LB-6891,,0,
LB-6892-PRO-PG-1-2.25-70mm,LB-6892,,0,
LB-6893-PRO-PG-1-2.5-70mm,LB-6893,,0,
LB-6894-PRO-PG-1-2.5-70mm,LB-6894,,0,
LB-6895-PRO-PG-1-2.75-70mm,LB-6895,,0,
LB-6896-PRO-PG-1-2.75-70mm,LB-6896,,0,
LB-6897-PRO-PG-1-3-70mm,LB-6897,,0,
LB-6898-PRO-PG-1-3-70mm,LB-6898,,0,
LB-6899-PRO-PG-1-3.25-70mm,LB-6899,,0,
LB-6900-PRO-PG-1-3.25-70mm,LB-6900,,0,
LB-6901-PRO-PG-1-3.5-70mm,LB-6901,,0,
LB-6902-PRO-PG-1-3.5-70mm,LB-6902,,0,
LB-6903-PRO-PG-1-3.75-70mm,LB-6903,,0,
LB-6904-PRO-PG-1-3.75-70mm,LB-6904,,0,
LB-6905-PRO-PG-1-4-70mm,LB-6905,,0,
LB-6906-PRO-PG-1-4-70mm,LB-6906,,0,
LB-6907-PRO-PG-2-0.75-70mm,LB-6907,,0,
LB-6908-PRO-PG-2-0.75-70mm,LB-6908,,0,
LB-6909-PRO-PG-2-1-70mm,LB-6909,,0,
LB-6910-PRO-PG-2-1-70mm,LB-6910,,0,
LB-6911-PRO-PG-2-1.25-70mm,LB-6911,,0,
LB-6912-PRO-PG-2-1.25-70mm,LB-6912,,0,
LB-6913-PRO-PG-2-1.5-70mm,LB-6913,,0,
LB-6914-PRO-PG-2-1.5-70mm,LB-6914,,0,
LB-6915-PRO-PG-2-1.75-70mm,LB-6915,,0,
LB-6916-PRO-PG-2-1.75-70mm,LB-6916,,0,
LB-6917-PRO-PG-2-2-70mm,LB-6917,,0,
LB-6918-PRO-PG-2-2-70mm,LB-6918,,0,
LB-6919-PRO-PG-2-2.25-70mm,LB-6919,,0,
LB-6920-PRO-PG-2-2.25-70mm,LB-6920,,0,
LB-6921-PRO-PG-2-2.5-70mm,LB-6921,,0,
LB-6922-PRO-PG-2-2.5-70mm,LB-6922,,0,
LB-6923-PRO-PG-2-2.75-70mm,LB-6923,,0,
LB-6924-PRO-PG-2-2.75-70mm,LB-6924,,0,
LB-6925-PRO-PG-2-3-70mm,LB-6925,,0,
LB-6926-PRO-PG-2-3-70mm,LB-6926,,0,
LB-6927-PRO-PG-2-3.25-70mm,LB-6927,,0,
LB-6928-PRO-PG-2-3.25-70mm,LB-6928,,0,
LB-6929-PRO-PG-2-3.5-70mm,LB-6929,,0,
LB-6930-PRO-PG-2-3.5-70mm,LB-6930,,0,
LB-6931-PRO-PG-2-3.75-70mm,LB-6931,,0,
LB-6932-PRO-PG-2-3.75-70mm,LB-6932,,0,
LB-6933-PRO-PG-2-4-70mm,LB-6933,,0,
LB-6934-PRO-PG-2-4-70mm,LB-6934,,0,
LB-6935-PRO-PG-3-0.75-70mm,LB-6935,,0,
LB-6936-PRO-PG-3-0.75-70mm,LB-6936,,0,
LB-6937-PRO-PG-3-1-70mm,LB-6937,,0,
LB-6938-PRO-PG-3-1-70mm,LB-6938,,0,
LB-6939-PRO-PG-3-1.25-70mm,LB-6939,,0,
LB-6940-PRO-PG-3-1.25-70mm,LB-6940,,0,
LB-6941-PRO-PG-3-1.5-70mm,LB-6941,,0,
LB-6942-PRO-PG-3-1.5-70mm,LB-6942,,0,
LB-6943-PRO-PG-3-1.75-70mm,LB-6943,,0,
LB-6944-PRO-PG-3-1.75-70mm,LB-6944,,0,
LB-6945-PRO-PG-3-2-70mm,LB-6945,,0,
LB-6946-PRO-PG-3-2-70mm,LB-6946,,0,
LB-6947-PRO-PG-3-2.25-70mm,LB-6947,,0,
LB-6948-PRO-PG-3-2.25-70mm,LB-6948,,0,
LB-6949-PRO-PG-3-2.5-70mm,LB-6949,,0,
LB-6950-PRO-PG-3-2.5-70mm,LB-6950,,0,
LB-6951-PRO-PG-3-2.75-70mm,LB-6951,,0,
LB-6952-PRO-PG-3-2.75-70mm,LB-6952,,0,
LB-6953-PRO-PG-3-3-70mm,LB-6953,,0,
LB-6954-PRO-PG-3-3-70mm,LB-6954,,0,
LB-6955-PRO-PG-3-3.25-70mm,LB-6955,,0,
LB-6956-PRO-PG-3-3.25-70mm,LB-6956,,0,
LB-6957-PRO-PG-3-3.5-70mm,LB-6957,,0,
LB-6958-PRO-PG-3-3.5-70mm,LB-6958,,0,
LB-6959-PRO-PG-3-3.75-70mm,LB-6959,,0,
LB-6960-PRO-PG-3-3.75-70mm,LB-6960,,0,
LB-6961-PRO-PG-3-4-70mm,LB-6961,,0,
LB-6962-PRO-PG-3-4-70mm,LB-6962,,0,
LB-6963-PRO-PG-4-0.75-70mm,LB-6963,,0,
LB-6964-PRO-PG-4-0.75-70mm,LB-6964,,0,
LB-6965-PRO-PG-4-1-70mm,LB-6965,,0,
LB-6966-PRO-PG-4-1-70mm,LB-6966,,0,
LB-6967-PRO-PG-4-1.25-70mm,LB-6967,,0,
LB-6968-PRO-PG-4-1.25-70mm,LB-6968,,0,
LB-6969-PRO-PG-4-1.5-70mm,LB-6969,,0,
LB-6970-PRO-PG-4-1.5-70mm,LB-6970,,0,
LB-6971-PRO-PG-4-1.75-70mm,LB-6971,,0,
LB-6972-PRO-PG-4-1.75-70mm,LB-6972,,0,
LB-6973-PRO-PG-4-2-70mm,LB-6973,,0,
LB-6974-PRO-PG-4-2-70mm,LB-6974,,0,
LB-6975-PRO-PG-4-2.25-70mm,LB-6975,,0,
LB-6976-PRO-PG-4-2.25-70mm,LB-6976,,0,
LB-6977-PRO-PG-4-2.5-70mm,LB-6977,,0,
LB-6978-PRO-PG-4-2.5-70mm,LB-6978,,0,
LB-6979-PRO-PG-4-2.75-70mm,LB-6979,,0,
LB-6980-PRO-PG-4-2.75-70mm,LB-6980,,0,
LB-6981-PRO-PG-4-3-70mm,LB-6981,,0,
LB-6982-PRO-PG-4-3-70mm,LB-6982,,0,
LB-6983-PRO-PG-4-3.25-70mm,LB-6983,,0,
LB-6984-PRO-PG-4-3.25-70mm,LB-6984,,0,
LB-6985-PRO-PG-4-3.5-70mm,LB-6985,,0,
LB-6986-PRO-PG-4-3.5-70mm,LB-6986,,0,
LB-6987-PRO-PG-4-3.75-70mm,LB-6987,,0,
LB-6988-PRO-PG-4-3.75-70mm,LB-6988,,0,
LB-6989-PRO-PG-4-4-70mm,LB-6989,,0,
LB-6990-PRO-PG-4-4-70mm,LB-6990,,0,
LB-6991-PRO-PG-5-0.75-70mm,LB-6991,,0,
LB-6992-PRO-PG-5-0.75-70mm,LB-6992,,0,
LB-6993-PRO-PG-5-1-70mm,LB-6993,,0,
LB-6994-PRO-PG-5-1-70mm,LB-6994,,0,
LB-6995-PRO-PG-5-1.25-70mm,LB-6995,,0,
LB-6996-PRO-PG-5-1.25-70mm,LB-6996,,0,
LB-6997-PRO-PG-5-1.5-70mm,LB-6997,,0,
LB-6998-PRO-PG-5-1.5-70mm,LB-6998,,0,
LB-6999-PRO-PG-5-1.75-70mm,LB-6999,,0,
LB-7000-PRO-PG-5-1.75-70mm,LB-7000,,0,
LB-7001-PRO-PG-5-2-70mm,LB-7001,,0,
LB-7002-PRO-PG-5-2-70mm,LB-7002,,0,
LB-7003-PRO-PG-5-2.25-70mm,LB-7003,,0,
LB-7004-PRO-PG-5-2.25-70mm,LB-7004,,0,
LB-7005-PRO-PG-5-2.5-70mm,LB-7005,,0,
LB-7006-PRO-PG-5-2.5-70mm,LB-7006,,0,
LB-7007-PRO-PG-5-2.75-70mm,LB-7007,,0,
LB-7008-PRO-PG-5-2.75-70mm,LB-7008,,0,
LB-7009-PRO-PG-5-3-70mm,LB-7009,,0,
LB-7010-PRO-PG-5-3-70mm,LB-7010,,0,
LB-7011-PRO-PG-5-3.25-70mm,LB-7011,,0,
LB-7012-PRO-PG-5-3.25-70mm,LB-7012,,0,
LB-7013-PRO-PG-5-3.5-70mm,LB-7013,,0,
LB-7014-PRO-PG-5-3.5-70mm,LB-7014,,0,
LB-7015-PRO-PG-5-3.75-70mm,LB-7015,,0,
LB-7016-PRO-PG-5-3.75-70mm,LB-7016,,0,
LB-7017-PRO-PG-5-4-70mm,LB-7017,,0,
LB-7018-PRO-PG-5-4-70mm,LB-7018,,0,
LB-7019-PRO-PG-6-0.75-70mm,LB-7019,,0,
LB-7020-PRO-PG-6-0.75-70mm,LB-7020,,0,
LB-7021-PRO-PG-6-1-70mm,LB-7021,,0,
LB-7022-PRO-PG-6-1-70mm,LB-7022,,0,
LB-7023-PRO-PG-6-1.25-70mm,LB-7023,,0,
LB-7024-PRO-PG-6-1.25-70mm,LB-7024,,0,
LB-7025-PRO-PG-6-1.5-70mm,LB-7025,,0,
LB-7026-PRO-PG-6-1.5-70mm,LB-7026,,0,
LB-7027-PRO-PG-6-1.75-70mm,LB-7027,,0,
LB-7028-PRO-PG-6-1.75-70mm,LB-7028,,0,
LB-7029-PRO-PG-6-2-70mm,LB-7029,,0,
LB-7030-PRO-PG-6-2-70mm,LB-7030,,0,
LB-7031-PRO-PG-6-2.25-70mm,LB-7031,,0,
LB-7032-PRO-PG-6-2.25-70mm,LB-7032,,0,
LB-7033-PRO-PG-6-2.5-70mm,LB-7033,,0,
LB-7034-PRO-PG-6-2.5-70mm,LB-7034,,0,
LB-7035-PRO-PG-6-2.75-70mm,LB-7035,,0,
LB-7036-PRO-PG-6-2.75-70mm,LB-7036,,0,
LB-7037-PRO-PG-6-3-70mm,LB-7037,,0,
LB-7038-PRO-PG-6-3-70mm,LB-7038,,0,
LB-7039-PRO-PG-6-3.25-70mm,LB-7039,,0,
LB-7040-PRO-PG-6-3.25-70mm,LB-7040,,0,
LB-7041-PRO-PG-6-3.5-70mm,LB-7041,,0,
LB-7042-PRO-PG-6-3.5-70mm,LB-7042,,0,
LB-7043-PRO-PG-6-3.75-70mm,LB-7043,,0,
LB-7044-PRO-PG-6-3.75-70mm,LB-7044,,0,
LB-7045-PRO-PG-6-4-70mm,LB-7045,,0,
LB-7046-PRO-PG-6-4-70mm,LB-7046,,0,
LB-7047-PRO-PG-7-0.75-70mm,LB-7047,,0,
LB-7048-PRO-PG-7-0.75-70mm,LB-7048,,0,
LB-7049-PRO-PG-7-1-70mm,LB-7049,,0,
LB-7050-PRO-PG-7-1-70mm,LB-7050,,0,
LB-7051-PRO-PG-7-1.25-70mm,LB-7051,,0,
LB-7052-PRO-PG-7-1.25-70mm,LB-7052,,0,
LB-7053-PRO-PG-7-1.5-70mm,LB-7053,,0,
LB-7054-PRO-PG-7-1.5-70mm,LB-7054,,0,
LB-7055-PRO-PG-7-1.75-70mm,LB-7055,,0,
LB-7056-PRO-PG-7-1.75-70mm,LB-7056,,0,
LB-7057-PRO-PG-7-2-70mm,LB-7057,,0,
LB-7058-PRO-PG-7-2-70mm,LB-7058,,0,
LB-7059-PRO-PG-7-2.25-70mm,LB-7059,,0,
LB-7060-PRO-PG-7-2.25-70mm,LB-7060,,0,
LB-7061-PRO-PG-7-2.5-70mm,LB-7061,,0,
LB-7062-PRO-PG-7-2.5-70mm,LB-7062,,0,
LB-7063-PRO-PG-7-2.75-70mm,LB-7063,,0,
LB-7064-PRO-PG-7-2.75-70mm,LB-7064,,0,
LB-7065-PRO-PG-7-3-70mm,LB-7065,,0,
LB-7066-PRO-PG-7-3-70mm,LB-7066,,0,
LB-7067-PRO-PG-7-3.25-70mm,LB-7067,,0,
LB-7068-PRO-PG-7-3.25-70mm,LB-7068,,0,
LB-7069-PRO-PG-7-3.5-70mm,LB-7069,,0,
LB-7070-PRO-PG-7-3.5-70mm,LB-7070,,0,
LB-7071-PRO-PG-7-3.75-70mm,LB-7071,,0,
LB-7072-PRO-PG-7-3.75-70mm,LB-7072,,0,
LB-7073-PRO-PG-7-4-70mm,LB-7073,,0,
LB-7074-PRO-PG-7-4-70mm,LB-7074,,0,
LB-7075-PRO-PG-8-0.75-70mm,LB-7075,,0,
LB-7076-PRO-PG-8-0.75-70mm,LB-7076,,0,
LB-7077-PRO-PG-8-1-70mm,LB-7077,,0,
LB-7078-PRO-PG-8-1-70mm,LB-7078,,0,
LB-7079-PRO-PG-8-1.25-70mm,LB-7079,,0,
LB-7080-PRO-PG-8-1.25-70mm,LB-7080,,0,
LB-7081-PRO-PG-8-1.5-70mm,LB-7081,,0,
LB-7082-PRO-PG-8-1.5-70mm,LB-7082,,0,
LB-7083-PRO-PG-8-1.75-70mm,LB-7083,,0,
LB-7084-PRO-PG-8-1.75-70mm,LB-7084,,0,
LB-7085-PRO-PG-8-2-70mm,LB-7085,,0,
LB-7086-PRO-PG-8-2-70mm,LB-7086,,0,
LB-7087-PRO-PG-8-2.25-70mm,LB-7087,,0,
LB-7088-PRO-PG-8-2.25-70mm,LB-7088,,0,
LB-7089-PRO-PG-8-2.5-70mm,LB-7089,,0,
LB-7090-PRO-PG-8-2.5-70mm,LB-7090,,0,
LB-7091-PRO-PG-8-2.75-70mm,LB-7091,,0,
LB-7092-PRO-PG-8-2.75-70mm,LB-7092,,0,
LB-7093-PRO-PG-8-3-70mm,LB-7093,,0,
LB-7094-PRO-PG-8-3-70mm,LB-7094,,0,
LB-7095-PRO-PG-8-3.25-70mm,LB-7095,,0,
LB-7096-PRO-PG-8-3.25-70mm,LB-7096,,0,
LB-7097-PRO-PG-8-3.5-70mm,LB-7097,,0,
LB-7098-PRO-PG-8-3.5-70mm,LB-7098,,0,
LB-7099-PRO-PG-8-3.75-70mm,LB-7099,,0,
LB-7100-PRO-PG-8-3.75-70mm,LB-7100,,0,
LB-7101-PRO-PG-8-4-70mm,LB-7101,,0,
LB-7102-PRO-PG-8-4-70mm,LB-7102,,0,
LB-7775-CRD-0.5-0.75-70mm,LB-7775,,0,
LB-7776-CRD-0.5-0.75-70mm,LB-7776,,0,
LB-7777-CRD-0.5-1-70mm,LB-7777,,0,
LB-7778-CRD-0.5-1-70mm,LB-7778,,0,
LB-7779-CRD-0.5-1.25-70mm,LB-7779,,0,
LB-7780-CRD-0.5-1.25-70mm,LB-7780,,0,
LB-7781-CRD-0.5-1.5-70mm,LB-7781,,0,
LB-7782-CRD-0.5-1.5-70mm,LB-7782,,0,
LB-7783-CRD-0.5-1.75-70mm,LB-7783,,0,
LB-7784-CRD-0.5-1.75-70mm,LB-7784,,0,
LB-7785-CRD-0.5-2-70mm,LB-7785,,0,
LB-7786-CRD-0.5-2-70mm,LB-7786,,0,
LB-7787-CRD-0.5-2.25-70mm,LB-7787,,0,
LB-7788-CRD-0.5-2.25-70mm,LB-7788,,0,
LB-7789-CRD-0.5-2.5-70mm,LB-7789,,0,
LB-7790-CRD-0.5-2.5-70mm,LB-7790,,0,
LB-7791-CRD-0.5-2.75-70mm,LB-7791,,0,
LB-7792-CRD-0.5-2.75-70mm,LB-7792,,0,
LB-7793-CRD-0.5-3-70mm,LB-7793,,0,
LB-7794-CRD-0.5-3-70mm,LB-7794,,0,
LB-7795-CRD-0.5-3.25-70mm,LB-7795,,0,
LB-7796-CRD-0.5-3.25-70mm,LB-7796,,0,
LB-7797-CRD-0.5-3.5-70mm,LB-7797,,0,
LB-7798-CRD-0.5-3.5-70mm,LB-7798,,0,
LB-7799-CRD-0.5-3.75-70mm,LB-7799,,0,
LB-7800-CRD-0.5-3.75-70mm,LB-7800,,0,
LB-7801-CRD-0.5-4-70mm,LB-7801,,0,
LB-7802-CRD-0.5-4-70mm,LB-7802,,0,
LB-7803-CRD-1-0.75-70mm,LB-7803,,0,
LB-7804-CRD-1-0.75-70mm,LB-7804,,0,
LB-7805-CRD-1-1-70mm,LB-7805,,0,
LB-7806-CRD-1-1-70mm,LB-7806,,0,
LB-7807-CRD-1-1.25-70mm,LB-7807,,0,
LB-7808-CRD-1-1.25-70mm,LB-7808,,0,
LB-7809-CRD-1-1.5-70mm,LB-7809,,0,
LB-7810-CRD-1-1.5-70mm,LB-7810,,0,
LB-7811-CRD-1-1.75-70mm,LB-7811,,0,
LB-7812-CRD-1-1.75-70mm,LB-7812,,0,
LB-7813-CRD-1-2-70mm,LB-7813,,0,
LB-7814-CRD-1-2-70mm,LB-7814,,0,
LB-7815-CRD-1-2.25-70mm,LB-7815,,0,
LB-7816-CRD-1-2.25-70mm,LB-7816,,0,
LB-7817-CRD-1-2.5-70mm,LB-7817,,0,
LB-7818-CRD-1-2.5-70mm,LB-7818,,0,
LB-7819-CRD-1-2.75-70mm,LB-7819,,0,
LB-7820-CRD-1-2.75-70mm,LB-7820,,0,
LB-7821-CRD-1-3-70mm,LB-7821,,0,
LB-7822-CRD-1-3-70mm,LB-7822,,0,
LB-7823-CRD-1-3.25-70mm,LB-7823,,0,
LB-7824-CRD-1-3.25-70mm,LB-7824,,0,
LB-7825-CRD-1-3.5-70mm,LB-7825,,0,
LB-7826-CRD-1-3.5-70mm,LB-7826,,0,
LB-7827-CRD-1-3.75-70mm,LB-7827,,0,
LB-7828-CRD-1-3.75-70mm,LB-7828,,0,
LB-7829-CRD-1-4-70mm,LB-7829,,0,
LB-7830-CRD-1-4-70mm,LB-7830,,0,
LB-7831-CRD-2-0.75-70mm,LB-7831,,0,
LB-7832-CRD-2-0.75-70mm,LB-7832,,0,
LB-7833-CRD-2-1-70mm,LB-7833,,0,
LB-7834-CRD-2-1-70mm,LB-7834,,0,
LB-7835-CRD-2-1.25-70mm,LB-7835,,0,
LB-7836-CRD-2-1.25-70mm,LB-7836,,0,
LB-7837-CRD-2-1.5-70mm,LB-7837,,0,
LB-7838-CRD-2-1.5-70mm,LB-7838,,0,
LB-7839-CRD-2-1.75-70mm,LB-7839,,0,
LB-7840-CRD-2-1.75-70mm,LB-7840,,0,
LB-7841-CRD-2-2-70mm,LB-7841,,0,
LB-7842-CRD-2-2-70mm,LB-7842,,0,
LB-7843-CRD-2-2.25-70mm,LB-7843,,0,
LB-7844-CRD-2-2.25-70mm,LB-7844,,0,
LB-7845-CRD-2-2.5-70mm,LB-7845,,0,
LB-7846-CRD-2-2.5-70mm,LB-7846,,0,
LB-7847-CRD-2-2.75-70mm,LB-7847,,0,
LB-7848-CRD-2-2.75-70mm,LB-7848,,0,
LB-7849-CRD-2-3-70mm,LB-7849,,0,
LB-7850-CRD-2-3-70mm,LB-7850,,0,
LB-7851-CRD-2-3.25-70mm,LB-7851,,0,
LB-7852-CRD-2-3.25-70mm,LB-7852,,0,
LB-7853-CRD-2-3.5-70mm,LB-7853,,0,
LB-7854-CRD-2-3.5-70mm,LB-7854,,0,
LB-7855-CRD-2-3.75-70mm,LB-7855,,0,
LB-7856-CRD-2-3.75-70mm,LB-7856,,0,
LB-7857-CRD-2-4-70mm,LB-7857,,0,
LB-7858-CRD-2-4-70mm,LB-7858,,0,
LB-7859-CRD-3-0.75-70mm,LB-7859,,0,
LB-7860-CRD-3-0.75-70mm,LB-7860,,0,
LB-7861-CRD-3-1-70mm,LB-7861,,0,
LB-7862-CRD-3-1-70mm,LB-7862,,0,
LB-7863-CRD-3-1.25-70mm,LB-7863,,0,
LB-7864-CRD-3-1.25-70mm,LB-7864,,0,
LB-7865-CRD-3-1.5-70mm,LB-7865,,0,
LB-7866-CRD-3-1.5-70mm,LB-7866,,0,
LB-7867-CRD-3-1.75-70mm,LB-7867,,0,
LB-7868-CRD-3-1.75-70mm,LB-7868,,0,
LB-7869-CRD-3-2-70mm,LB-7869,,0,
LB-7870-CRD-3-2-70mm,LB-7870,,0,
LB-7871-CRD-3-2.25-70mm,LB-7871,,0,
LB-7872-CRD-3-2.25-70mm,LB-7872,,0,
LB-7873-CRD-3-2.5-70mm,LB-7873,,0,
LB-7874-CRD-3-2.5-70mm,LB-7874,,0,
LB-7875-CRD-3-2.75-70mm,LB-7875,,0,
LB-7876-CRD-3-2.75-70mm,LB-7876,,0,
LB-7877-CRD-3-3-70mm,LB-7877,,0,
LB-7878-CRD-3-3-70mm,LB-7878,,0,
LB-7879-CRD-3-3.25-70mm,LB-7879,,0,
LB-7880-CRD-3-3.25-70mm,LB-7880,,0,
LB-7881-CRD-3-3.5-70mm,LB-7881,,0,
LB-7882-CRD-3-3.5-70mm,LB-7882,,0,
LB-7883-CRD-3-3.75-70mm,LB-7883,,0,
LB-7884-CRD-3-3.75-70mm,LB-7884,,0,
LB-7885-CRD-3-4-70mm,LB-7885,,0,
LB-7886-CRD-3-4-70mm,LB-7886,,0,
LB-7887-CRD-4-0.75-70mm,LB-7887,,0,
LB-7888-CRD-4-0.75-70mm,LB-7888,,0,
LB-7889-CRD-4-1-70mm,LB-7889,,0,
LB-7890-CRD-4-1-70mm,LB-7890,,0,
LB-7891-CRD-4-1.25-70mm,LB-7891,,0,
LB-7892-CRD-4-1.25-70mm,LB-7892,,0,
LB-7893-CRD-4-1.5-70mm,LB-7893,,0,
LB-7894-CRD-4-1.5-70mm,LB-7894,,0,
LB-7895-CRD-4-1.75-70mm,LB-7895,,0,
LB-7896-CRD-4-1.75-70mm,LB-7896,,0,
LB-7897-CRD-4-2-70mm,LB-7897,,0,
LB-7898-CRD-4-2-70mm,LB-7898,,0,
LB-7899-CRD-4-2.25-70mm,LB-7899,,0,
LB-7900-CRD-4-2.25-70mm,LB-7900,,0,
LB-7901-CRD-4-2.5-70mm,LB-7901,,0,
LB-7902-CRD-4-2.5-70mm,LB-7902,,0,
LB-7903-CRD-4-2.75-70mm,LB-7903,,0,
LB-7904-CRD-4-2.75-70mm,LB-7904,,0,
LB-7905-CRD-4-3-70mm,LB-7905,,0,
LB-7906-CRD-4-3-70mm,LB-7906,,0,
LB-7907-CRD-4-3.25-70mm,LB-7907,,0,
LB-7908-CRD-4-3.25-70mm,LB-7908,,0,
LB-7909-CRD-4-3.5-70mm,LB-7909,,0,
LB-7910-CRD-4-3.5-70mm,LB-7910,,0,
LB-7911-CRD-4-3.75-70mm,LB-7911,,0,
LB-7912-CRD-4-3.75-70mm,LB-7912,,0,
LB-7913-CRD-4-4-70mm,LB-7913,,0,
LB-7914-CRD-4-4-70mm,LB-7914,,0,
LB-7915-CRD-5-0.75-70mm,LB-7915,,0,
LB-7916-CRD-5-0.75-70mm,LB-7916,,0,
LB-7917-CRD-5-1-70mm,LB-7917,,0,
LB-7918-CRD-5-1-70mm,LB-7918,,0,
LB-7919-CRD-5-1.25-70mm,LB-7919,,0,
LB-7920-CRD-5-1.25-70mm,LB-7920,,0,
LB-7921-CRD-5-1.5-70mm,LB-7921,,0,
LB-7922-CRD-5-1.5-70mm,LB-7922,,0,
LB-7923-CRD-5-1.75-70mm,LB-7923,,0,
LB-7924-CRD-5-1.75-70mm,LB-7924,,0,
LB-7925-CRD-5-2-70mm,LB-7925,,0,
LB-7926-CRD-5-2-70mm,LB-7926,,0,
LB-7927-CRD-5-2.25-70mm,LB-7927,,0,
LB-7928-CRD-5-2.25-70mm,LB-7928,,0,
LB-7929-CRD-5-2.5-70mm,LB-7929,,0,
LB-7930-CRD-5-2.5-70mm,LB-7930,,0,
LB-7931-CRD-5-2.75-70mm,LB-7931,,0,
LB-7932-CRD-5-2.75-70mm,LB-7932,,0,
LB-7933-CRD-5-3-70mm,LB-7933,,0,
LB-7934-CRD-5-3-70mm,LB-7934,,0,
LB-7935-CRD-5-3.25-70mm,LB-7935,,0,
LB-7936-CRD-5-3.25-70mm,LB-7936,,0,
LB-7937-CRD-5-3.5-70mm,LB-7937,,0,
LB-7938-CRD-5-3.5-70mm,LB-7938,,0,
LB-7939-CRD-5-3.75-70mm,LB-7939,,0,
LB-7940-CRD-5-3.75-70mm,LB-7940,,0,
LB-7941-CRD-5-4-70mm,LB-7941,,0,
LB-7942-CRD-5-4-70mm,LB-7942,,0,
LB-7943-CRD-6-0.75-70mm,LB-7943,,0,
LB-7944-CRD-6-0.75-70mm,LB-7944,,0,
LB-7945-CRD-6-1-70mm,LB-7945,,0,
LB-7946-CRD-6-1-70mm,LB-7946,,0,
LB-7947-CRD-6-1.25-70mm,LB-7947,,0,
LB-7948-CRD-6-1.25-70mm,LB-7948,,0,
LB-7949-CRD-6-1.5-70mm,LB-7949,,0,
LB-7950-CRD-6-1.5-70mm,LB-7950,,0,
LB-7951-CRD-6-1.75-70mm,LB-7951,,0,
LB-7952-CRD-6-1.75-70mm,LB-7952,,0,
LB-7953-CRD-6-2-70mm,LB-7953,,0,
LB-7954-CRD-6-2-70mm,LB-7954,,0,
LB-7955-CRD-6-2.25-70mm,LB-7955,,0,
LB-7956-CRD-6-2.25-70mm,LB-7956,,0,
LB-7957-CRD-6-2.5-70mm,LB-7957,,0,
LB-7958-CRD-6-2.5-70mm,LB-7958,,0,
LB-7959-CRD-6-2.75-70mm,LB-7959,,0,
LB-7960-CRD-6-2.75-70mm,LB-7960,,0,
LB-7961-CRD-6-3-70mm,LB-7961,,0,
LB-7962-CRD-6-3-70mm,LB-7962,,0,
LB-7963-CRD-6-3.25-70mm,LB-7963,,0,
LB-7964-CRD-6-3.25-70mm,LB-7964,,0,
LB-7965-CRD-6-3.5-70mm,LB-7965,,0,
LB-7966-CRD-6-3.5-70mm,LB-7966,,0,
LB-7967-CRD-6-3.75-70mm,LB-7967,,0,
LB-7968-CRD-6-3.75-70mm,LB-7968,,0,
LB-7969-CRD-6-4-70mm,LB-7969,,0,
LB-7970-CRD-6-4-70mm,LB-7970,,0,
LB-7971-CRD-7-0.75-70mm,LB-7971,,0,
LB-7972-CRD-7-0.75-70mm,LB-7972,,0,
LB-7973-CRD-7-1-70mm,LB-7973,,0,
LB-7974-CRD-7-1-70mm,LB-7974,,0,
LB-7975-CRD-7-1.25-70mm,LB-7975,,0,
LB-7976-CRD-7-1.25-70mm,LB-7976,,0,
LB-7977-CRD-7-1.5-70mm,LB-7977,,0,
LB-7978-CRD-7-1.5-70mm,LB-7978,,0,
LB-7979-CRD-7-1.75-70mm,LB-7979,,0,
LB-7980-CRD-7-1.75-70mm,LB-7980,,0,
LB-7981-CRD-7-2-70mm,LB-7981,,0,
LB-7982-CRD-7-2-70mm,LB-7982,,0,
LB-7983-CRD-7-2.25-70mm,LB-7983,,0,
LB-7984-CRD-7-2.25-70mm,LB-7984,,0,
LB-7985-CRD-7-2.5-70mm,LB-7985,,0,
LB-7986-CRD-7-2.5-70mm,LB-7986,,0,
LB-7987-CRD-7-2.75-70mm,LB-7987,,0,
LB-7988-CRD-7-2.75-70mm,LB-7988,,0,
LB-7989-CRD-7-3-70mm,LB-7989,,0,
LB-7990-CRD-7-3-70mm,LB-7990,,0,
LB-7991-CRD-7-3.25-70mm,LB-7991,,0,
LB-7992-CRD-7-3.25-70mm,LB-7992,,0,
LB-7993-CRD-7-3.5-70mm,LB-7993,,0,
LB-7994-CRD-7-3.5-70mm,LB-7994,,0,
LB-7995-CRD-7-3.75-70mm,LB-7995,,0,
LB-7996-CRD-7-3.75-70mm,LB-7996,,0,
LB-7997-CRD-7-4-70mm,LB-7997,,0,
LB-7998-CRD-7-4-70mm,LB-7998,,0,
LB-7999-CRD-8-0.75-70mm,LB-7999,,0,
LB-8000-CRD-8-0.75-70mm,LB-8000,,0,
LB-8001-CRD-8-1-70mm,LB-8001,,0,
LB-8002-CRD-8-1-70mm,LB-8002,,0,
LB-8003-CRD-8-1.25-70mm,LB-8003,,0,
LB-8004-CRD-8-1.25-70mm,LB-8004,,0,
LB-8005-CRD-8-1.5-70mm,LB-8005,,0,
LB-8006-CRD-8-1.5-70mm,LB-8006,,0,
LB-8007-CRD-8-1.75-70mm,LB-8007,,0,
LB-8008-CRD-8-1.75-70mm,LB-8008,,0,
LB-8009-CRD-8-2-70mm,LB-8009,,0,
LB-8010-CRD-8-2-70mm,LB-8010,,0,
LB-8011-CRD-8-2.25-70mm,LB-8011,,0,
LB-8012-CRD-8-2.25-70mm,LB-8012,,0,
LB-8013-CRD-8-2.5-70mm,LB-8013,,0,
LB-8014-CRD-8-2.5-70mm,LB-8014,,0,
LB-8015-CRD-8-2.75-70mm,LB-8015,,0,
LB-8016-CRD-8-2.75-70mm,LB-8016,,0,
LB-8017-CRD-8-3-70mm,LB-8017,,0,
LB-8018-CRD-8-3-70mm,LB-8018,,0,
LB-8019-CRD-8-3.25-70mm,LB-8019,,0,
LB-8020-CRD-8-3.25-70mm,LB-8020,,0,
LB-8021-CRD-8-3.5-70mm,LB-8021,,0,
LB-8022-CRD-8-3.5-70mm,LB-8022,,0,
LB-8023-CRD-8-3.75-70mm,LB-8023,,0,
LB-8024-CRD-8-3.75-70mm,LB-8024,,0,
LB-8025-CRD-8-4-70mm,LB-8025,,0,
LB-8026-CRD-8-4-70mm,LB-8026,,0,
LB-8783-CRD-PG-0.5-0.75-70mm,LB-8783,,0,
LB-8784-CRD-PG-0.5-0.75-70mm,LB-8784,,0,
LB-8785-CRD-PG-0.5-1-70mm,LB-8785,,0,
LB-8786-CRD-PG-0.5-1-70mm,LB-8786,,0,
LB-8787-CRD-PG-0.5-1.25-70mm,LB-8787,,0,
LB-8788-CRD-PG-0.5-1.25-70mm,LB-8788,,0,
LB-8789-CRD-PG-0.5-1.5-70mm,LB-8789,,0,
LB-8790-CRD-PG-0.5-1.5-70mm,LB-8790,,0,
LB-8791-CRD-PG-0.5-1.75-70mm,LB-8791,,0,
LB-8792-CRD-PG-0.5-1.75-70mm,LB-8792,,0,
LB-8793-CRD-PG-0.5-2-70mm,LB-8793,,0,
LB-8794-CRD-PG-0.5-2-70mm,LB-8794,,0,
LB-8795-CRD-PG-0.5-2.25-70mm,LB-8795,,0,
LB-8796-CRD-PG-0.5-2.25-70mm,LB-8796,,0,
LB-8797-CRD-PG-0.5-2.5-70mm,LB-8797,,0,
LB-8798-CRD-PG-0.5-2.5-70mm,LB-8798,,0,
LB-8799-CRD-PG-0.5-2.75-70mm,LB-8799,,0,
LB-8800-CRD-PG-0.5-2.75-70mm,LB-8800,,0,
LB-8801-CRD-PG-0.5-3-70mm,LB-8801,,0,
LB-8802-CRD-PG-0.5-3-70mm,LB-8802,,0,
LB-8803-CRD-PG-0.5-3.25-70mm,LB-8803,,0,
LB-8804-CRD-PG-0.5-3.25-70mm,LB-8804,,0,
LB-8805-CRD-PG-0.5-3.5-70mm,LB-8805,,0,
LB-8806-CRD-PG-0.5-3.5-70mm,LB-8806,,0,
LB-8807-CRD-PG-0.5-3.75-70mm,LB-8807,,0,
LB-8808-CRD-PG-0.5-3.75-70mm,LB-8808,,0,
LB-8809-CRD-PG-0.5-4-70mm,LB-8809,,0,
LB-8810-CRD-PG-0.5-4-70mm,LB-8810,,0,
LB-8811-CRD-PG-1-0.75-70mm,LB-8811,,0,
LB-8812-CRD-PG-1-0.75-70mm,LB-8812,,0,
LB-8813-CRD-PG-1-1-70mm,LB-8813,,0,
LB-8814-CRD-PG-1-1-70mm,LB-8814,,0,
LB-8815-CRD-PG-1-1.25-70mm,LB-8815,,0,
LB-8816-CRD-PG-1-1.25-70mm,LB-8816,,0,
LB-8817-CRD-PG-1-1.5-70mm,LB-8817,,0,
LB-8818-CRD-PG-1-1.5-70mm,LB-8818,,0,
LB-8819-CRD-PG-1-1.75-70mm,LB-8819,,0,
LB-8820-CRD-PG-1-1.75-70mm,LB-8820,,0,
LB-8821-CRD-PG-1-2-70mm,LB-8821,,0,
LB-8822-CRD-PG-1-2-70mm,LB-8822,,0,
LB-8823-CRD-PG-1-2.25-70mm,LB-8823,,0,
LB-8824-CRD-PG-1-2.25-70mm,LB-8824,,0,
LB-8825-CRD-PG-1-2.5-70mm,LB-8825,,0,
LB-8826-CRD-PG-1-2.5-70mm,LB-8826,,0,
LB-8827-CRD-PG-1-2.75-70mm,LB-8827,,0,
LB-8828-CRD-PG-1-2.75-70mm,LB-8828,,0,
LB-8829-CRD-PG-1-3-70mm,LB-8829,,0,
LB-8830-CRD-PG-1-3-70mm,LB-8830,,0,
LB-8831-CRD-PG-1-3.25-70mm,LB-8831,,0,
LB-8832-CRD-PG-1-3.25-70mm,LB-8832,,0,
LB-8833-CRD-PG-1-3.5-70mm,LB-8833,,0,
LB-8834-CRD-PG-1-3.5-70mm,LB-8834,,0,
LB-8835-CRD-PG-1-3.75-70mm,LB-8835,,0,
LB-8836-CRD-PG-1-3.75-70mm,LB-8836,,0,
LB-8837-CRD-PG-1-4-70mm,LB-8837,,0,
LB-8838-CRD-PG-1-4-70mm,LB-8838,,0,
LB-8839-CRD-PG-2-0.75-70mm,LB-8839,,0,
LB-8840-CRD-PG-2-0.75-70mm,LB-8840,,0,
LB-8841-CRD-PG-2-1-70mm,LB-8841,,0,
LB-8842-CRD-PG-2-1-70mm,LB-8842,,0,
LB-8843-CRD-PG-2-1.25-70mm,LB-8843,,0,
LB-8844-CRD-PG-2-1.25-70mm,LB-8844,,0,
LB-8845-CRD-PG-2-1.5-70mm,LB-8845,,0,
LB-8846-CRD-PG-2-1.5-70mm,LB-8846,,0,
LB-8847-CRD-PG-2-1.75-70mm,LB-8847,,0,
LB-8848-CRD-PG-2-1.75-70mm,LB-8848,,0,
LB-8849-CRD-PG-2-2-70mm,LB-8849,,0,
LB-8850-CRD-PG-2-2-70mm,LB-8850,,0,
LB-8851-CRD-PG-2-2.25-70mm,LB-8851,,0,
LB-8852-CRD-PG-2-2.25-70mm,LB-8852,,0,
LB-8853-CRD-PG-2-2.5-70mm,LB-8853,,0,
LB-8854-CRD-PG-2-2.5-70mm,LB-8854,,0,
LB-8855-CRD-PG-2-2.75-70mm,LB-8855,,0,
LB-8856-CRD-PG-2-2.75-70mm,LB-8856,,0,
LB-8857-CRD-PG-2-3-70mm,LB-8857,,0,
LB-8858-CRD-PG-2-3-70mm,LB-8858,,0,
LB-8859-CRD-PG-2-3.25-70mm,LB-8859,,0,
LB-8860-CRD-PG-2-3.25-70mm,LB-8860,,0,
LB-8861-CRD-PG-2-3.5-70mm,LB-8861,,0,
LB-8862-CRD-PG-2-3.5-70mm,LB-8862,,0,
LB-8863-CRD-PG-2-3.75-70mm,LB-8863,,0,
LB-8864-CRD-PG-2-3.75-70mm,LB-8864,,0,
LB-8865-CRD-PG-2-4-70mm,LB-8865,,0,
LB-8866-CRD-PG-2-4-70mm,LB-8866,,0,
LB-8867-CRD-PG-3-0.75-70mm,LB-8867,,0,
LB-8868-CRD-PG-3-0.75-70mm,LB-8868,,0,
LB-8869-CRD-PG-3-1-70mm,LB-8869,,0,
LB-8870-CRD-PG-3-1-70mm,LB-8870,,0,
LB-8871-CRD-PG-3-1.25-70mm,LB-8871,,0,
LB-8872-CRD-PG-3-1.25-70mm,LB-8872,,0,
LB-8873-CRD-PG-3-1.5-70mm,LB-8873,,0,
LB-8874-CRD-PG-3-1.5-70mm,LB-8874,,0,
LB-8875-CRD-PG-3-1.75-70mm,LB-8875,,0,
LB-8876-CRD-PG-3-1.75-70mm,LB-8876,,0,
LB-8877-CRD-PG-3-2-70mm,LB-8877,,0,
LB-8878-CRD-PG-3-2-70mm,LB-8878,,0,
LB-8879-CRD-PG-3-2.25-70mm,LB-8879,,0,
LB-8880-CRD-PG-3-2.25-70mm,LB-8880,,0,
LB-8881-CRD-PG-3-2.5-70mm,LB-8881,,0,
LB-8882-CRD-PG-3-2.5-70mm,LB-8882,,0,
LB-8883-CRD-PG-3-2.75-70mm,LB-8883,,0,
LB-8884-CRD-PG-3-2.75-70mm,LB-8884,,0,
LB-8885-CRD-PG-3-3-70mm,LB-8885,,0,
LB-8886-CRD-PG-3-3-70mm,LB-8886,,0,
LB-8887-CRD-PG-3-3.25-70mm,LB-8887,,0,
LB-8888-CRD-PG-3-3.25-70mm,LB-8888,,0,
LB-8889-CRD-PG-3-3.5-70mm,LB-8889,,0,
LB-8890-CRD-PG-3-3.5-70mm,LB-8890,,0,
LB-8891-CRD-PG-3-3.75-70mm,LB-8891,,0,
LB-8892-CRD-PG-3-3.75-70mm,LB-8892,,0,
LB-8893-CRD-PG-3-4-70mm,LB-8893,,0,
LB-8894-CRD-PG-3-4-70mm,LB-8894,,0,
LB-8895-CRD-PG-4-0.75-70mm,LB-8895,,0,
LB-8896-CRD-PG-4-0.75-70mm,LB-8896,,0,
LB-8897-CRD-PG-4-1-70mm,LB-8897,,0,
LB-8898-CRD-PG-4-1-70mm,LB-8898,,0,
LB-8899-CRD-PG-4-1.25-70mm,LB-8899,,0,
LB-8900-CRD-PG-4-1.25-70mm,LB-8900,,0,
LB-8901-CRD-PG-4-1.5-70mm,LB-8901,,0,
LB-8902-CRD-PG-4-1.5-70mm,LB-8902,,0,
LB-8903-CRD-PG-4-1.75-70mm,LB-8903,,0,
LB-8904-CRD-PG-4-1.75-70mm,LB-8904,,0,
LB-8905-CRD-PG-4-2-70mm,LB-8905,,0,
LB-8906-CRD-PG-4-2-70mm,LB-8906,,0,
LB-8907-CRD-PG-4-2.25-70mm,LB-8907,,0,
LB-8908-CRD-PG-4-2.25-70mm,LB-8908,,0,
LB-8909-CRD-PG-4-2.5-70mm,LB-8909,,0,
LB-8910-CRD-PG-4-2.5-70mm,LB-8910,,0,
LB-8911-CRD-PG-4-2.75-70mm,LB-8911,,0,
LB-8912-CRD-PG-4-2.75-70mm,LB-8912,,0,
LB-8913-CRD-PG-4-3-70mm,LB-8913,,0,
LB-8914-CRD-PG-4-3-70mm,LB-8914,,0,
LB-8915-CRD-PG-4-3.25-70mm,LB-8915,,0,
LB-8916-CRD-PG-4-3.25-70mm,LB-8916,,0,
LB-8917-CRD-PG-4-3.5-70mm,LB-8917,,0,
LB-8918-CRD-PG-4-3.5-70mm,LB-8918,,0,
LB-8919-CRD-PG-4-3.75-70mm,LB-8919,,0,
LB-8920-CRD-PG-4-3.75-70mm,LB-8920,,0,
LB-8921-CRD-PG-4-4-70mm,LB-8921,,0,
LB-8922-CRD-PG-4-4-70mm,LB-8922,,0,
LB-8923-CRD-PG-5-0.75-70mm,LB-8923,,0,
LB-8924-CRD-PG-5-0.75-70mm,LB-8924,,0,
LB-8925-CRD-PG-5-1-70mm,LB-8925,,0,
LB-8926-CRD-PG-5-1-70mm,LB-8926,,0,
LB-8927-CRD-PG-5-1.25-70mm,LB-8927,,0,
LB-8928-CRD-PG-5-1.25-70mm,LB-8928,,0,
LB-8929-CRD-PG-5-1.5-70mm,LB-8929,,0,
LB-8930-CRD-PG-5-1.5-70mm,LB-8930,,0,
LB-8931-CRD-PG-5-1.75-70mm,LB-8931,,0,
LB-8932-CRD-PG-5-1.75-70mm,LB-8932,,0,
LB-8933-CRD-PG-5-2-70mm,LB-8933,,0,
LB-8934-CRD-PG-5-2-70mm,LB-8934,,0,
LB-8935-CRD-PG-5-2.25-70mm,LB-8935,,0,
LB-8936-CRD-PG-5-2.25-70mm,LB-8936,,0,
LB-8937-CRD-PG-5-2.5-70mm,LB-8937,,0,
LB-8938-CRD-PG-5-2.5-70mm,LB-8938,,0,
LB-8939-CRD-PG-5-2.75-70mm,LB-8939,,0,
LB-8940-CRD-PG-5-2.75-70mm,LB-8940,,0,
LB-8941-CRD-PG-5-3-70mm,LB-8941,,0,
LB-8942-CRD-PG-5-3-70mm,LB-8942,,0,
LB-8943-CRD-PG-5-3.25-70mm,LB-8943,,0,
LB-8944-CRD-PG-5-3.25-70mm,LB-8944,,0,
LB-8945-CRD-PG-5-3.5-70mm,LB-8945,,0,
LB-8946-CRD-PG-5-3.5-70mm,LB-8946,,0,
LB-8947-CRD-PG-5-3.75-70mm,LB-8947,,0,
LB-8948-CRD-PG-5-3.75-70mm,LB-8948,,0,
LB-8949-CRD-PG-5-4-70mm,LB-8949,,0,
LB-8950-CRD-PG-5-4-70mm,LB-8950,,0,
LB-8951-CRD-PG-6-0.75-70mm,LB-8951,,0,
LB-8952-CRD-PG-6-0.75-70mm,LB-8952,,0,
LB-8953-CRD-PG-6-1-70mm,LB-8953,,0,
LB-8954-CRD-PG-6-1-70mm,LB-8954,,0,
LB-8955-CRD-PG-6-1.25-70mm,LB-8955,,0,
LB-8956-CRD-PG-6-1.25-70mm,LB-8956,,0,
LB-8957-CRD-PG-6-1.5-70mm,LB-8957,,0,
LB-8958-CRD-PG-6-1.5-70mm,LB-8958,,0,
LB-8959-CRD-PG-6-1.75-70mm,LB-8959,,0,
LB-8960-CRD-PG-6-1.75-70mm,LB-8960,,0,
LB-8961-CRD-PG-6-2-70mm,LB-8961,,0,
LB-8962-CRD-PG-6-2-70mm,LB-8962,,0,
LB-8963-CRD-PG-6-2.25-70mm,LB-8963,,0,
LB-8964-CRD-PG-6-2.25-70mm,LB-8964,,0,
LB-8965-CRD-PG-6-2.5-70mm,LB-8965,,0,
LB-8966-CRD-PG-6-2.5-70mm,LB-8966,,0,
LB-8967-CRD-PG-6-2.75-70mm,LB-8967,,0,
LB-8968-CRD-PG-6-2.75-70mm,LB-8968,,0,
LB-8969-CRD-PG-6-3-70mm,LB-8969,,0,
LB-8970-CRD-PG-6-3-70mm,LB-8970,,0,
LB-8971-CRD-PG-6-3.25-70mm,LB-8971,,0,
LB-8972-CRD-PG-6-3.25-70mm,LB-8972,,0,
LB-8973-CRD-PG-6-3.5-70mm,LB-8973,,0,
LB-8974-CRD-PG-6-3.5-70mm,LB-8974,,0,
LB-8975-CRD-PG-6-3.75-70mm,LB-8975,,0,
LB-8976-CRD-PG-6-3.75-70mm,LB-8976,,0,
LB-8977-CRD-PG-6-4-70mm,LB-8977,,0,
LB-8978-CRD-PG-6-4-70mm,LB-8978,,0,
LB-8979-CRD-PG-7-0.75-70mm,LB-8979,,0,
LB-8980-CRD-PG-7-0.75-70mm,LB-8980,,0,
LB-8981-CRD-PG-7-1-70mm,LB-8981,,0,
LB-8982-CRD-PG-7-1-70mm,LB-8982,,0,
LB-8983-CRD-PG-7-1.25-70mm,LB-8983,,0,
LB-8984-CRD-PG-7-1.25-70mm,LB-8984,,0,
LB-8985-CRD-PG-7-1.5-70mm,LB-8985,,0,
LB-8986-CRD-PG-7-1.5-70mm,LB-8986,,0,
LB-8987-CRD-PG-7-1.75-70mm,LB-8987,,0,
LB-8988-CRD-PG-7-1.75-70mm,LB-8988,,0,
LB-8989-CRD-PG-7-2-70mm,LB-8989,,0,
LB-8990-CRD-PG-7-2-70mm,LB-8990,,0,
LB-8991-CRD-PG-7-2.25-70mm,LB-8991,,0,
LB-8992-CRD-PG-7-2.25-70mm,LB-8992,,0,
LB-8993-CRD-PG-7-2.5-70mm,LB-8993,,0,
LB-8994-CRD-PG-7-2.5-70mm,LB-8994,,0,
LB-8995-CRD-PG-7-2.75-70mm,LB-8995,,0,
LB-8996-CRD-PG-7-2.75-70mm,LB-8996,,0,
LB-8997-CRD-PG-7-3-70mm,LB-8997,,0,
LB-8998-CRD-PG-7-3-70mm,LB-8998,,0,
LB-8999-CRD-PG-7-3.25-70mm,LB-8999,,0,
LB-9000-CRD-PG-7-3.25-70mm,LB-9000,,0,
LB-9001-CRD-PG-7-3.5-70mm,LB-9001,,0,
LB-9002-CRD-PG-7-3.5-70mm,LB-9002,,0,
LB-9003-CRD-PG-7-3.75-70mm,LB-9003,,0,
LB-9004-CRD-PG-7-3.75-70mm,LB-9004,,0,
LB-9005-CRD-PG-7-4-70mm,LB-9005,,0,
LB-9006-CRD-PG-7-4-70mm,LB-9006,,0,
LB-9007-CRD-PG-8-0.75-70mm,LB-9007,,0,
LB-9008-CRD-PG-8-0.75-70mm,LB-9008,,0,
LB-9009-CRD-PG-8-1-70mm,LB-9009,,0,
LB-9010-CRD-PG-8-1-70mm,LB-9010,,0,
LB-9011-CRD-PG-8-1.25-70mm,LB-9011,,0,
LB-9012-CRD-PG-8-1.25-70mm,LB-9012,,0,
LB-9013-CRD-PG-8-1.5-70mm,LB-9013,,0,
LB-9014-CRD-PG-8-1.5-70mm,LB-9014,,0,
LB-9015-CRD-PG-8-1.75-70mm,LB-9015,,0,
LB-9016-CRD-PG-8-1.75-70mm,LB-9016,,0,
LB-9017-CRD-PG-8-2-70mm,LB-9017,,0,
LB-9018-CRD-PG-8-2-70mm,LB-9018,,0,
LB-9019-CRD-PG-8-2.25-70mm,LB-9019,,0,
LB-9020-CRD-PG-8-2.25-70mm,LB-9020,,0,
LB-9021-CRD-PG-8-2.5-70mm,LB-9021,,0,
LB-9022-CRD-PG-8-2.5-70mm,LB-9022,,0,
LB-9023-CRD-PG-8-2.75-70mm,LB-9023,,0,
LB-9024-CRD-PG-8-2.75-70mm,LB-9024,,0,
LB-9025-CRD-PG-8-3-70mm,LB-9025,,0,
LB-9026-CRD-PG-8-3-70mm,LB-9026,,0,
LB-9027-CRD-PG-8-3.25-70mm,LB-9027,,0,
LB-9028-CRD-PG-8-3.25-70mm,LB-9028,,0,
LB-9029-CRD-PG-8-3.5-70mm,LB-9029,,0,
LB-9030-CRD-PG-8-3.5-70mm,LB-9030,,0,
LB-9031-CRD-PG-8-3.75-70mm,LB-9031,,0,
LB-9032-CRD-PG-8-3.75-70mm,LB-9032,,0,
LB-9033-CRD-PG-8-4-70mm,LB-9033,,0,
LB-9034-CRD-PG-8-4-70mm,LB-9034,,0,
LB-9791-KBF-2-0.75-70mm,LB-9791,,0,
LB-9792-KBF-2-1-70mm,LB-9792,,0,
LB-9793-KBF-2-1.25-70mm,LB-9793,,0,
LB-9794-KBF-2-1.5-70mm,LB-9794,,0,
LB-9795-KBF-2-1.75-70mm,LB-9795,,0,
LB-9796-KBF-2-2-70mm,LB-9796,,0,
LB-9797-KBF-2-2.25-70mm,LB-9797,,0,
LB-9798-KBF-2-2.5-70mm,LB-9798,,0,
LB-9799-KBF-2-2.75-70mm,LB-9799,,0,
LB-9800-KBF-2-3-70mm,LB-9800,,0,
LB-9801-KBF-2-3.25-70mm,LB-9801,,0,
LB-9802-KBF-2-3.5-70mm,LB-9802,,0,
LB-9803-KBF-2-3.75-70mm,LB-9803,,0,
LB-9804-KBF-2-4-70mm,LB-9804,,0,
LB-9805-KBF-3-0.75-70mm,LB-9805,,0,
LB-9806-KBF-3-1-70mm,LB-9806,,0,
LB-9807-KBF-3-1.25-70mm,LB-9807,,0,
LB-9808-KBF-3-1.5-70mm,LB-9808,,0,
LB-9809-KBF-3-1.75-70mm,LB-9809,,0,
LB-9810-KBF-3-2-70mm,LB-9810,,0,
LB-9811-KBF-3-2.25-70mm,LB-9811,,0,
LB-9812-KBF-3-2.5-70mm,LB-9812,,0,
LB-9813-KBF-3-2.75-70mm,LB-9813,,0,
LB-9814-KBF-3-3-70mm,LB-9814,,0,
LB-9815-KBF-3-3.25-70mm,LB-9815,,0,
LB-9816-KBF-3-3.5-70mm,LB-9816,,0,
LB-9817-KBF-3-3.75-70mm,LB-9817,,0,
LB-9818-KBF-3-4-70mm,LB-9818,,0,
LB-9819-KBF-4-0.75-70mm,LB-9819,,0,
LB-9820-KBF-4-1-70mm,LB-9820,,0,
LB-9821-KBF-4-1.25-70mm,LB-9821,,0,
LB-9822-KBF-4-1.5-70mm,LB-9822,,0,
LB-9823-KBF-4-1.75-70mm,LB-9823,,0,
LB-9824-KBF-4-2-70mm,LB-9824,,0,
LB-9825-KBF-4-2.25-70mm,LB-9825,,0,
LB-9826-KBF-4-2.5-70mm,LB-9826,,0,
LB-9827-KBF-4-2.75-70mm,LB-9827,,0,
LB-9828-KBF-4-3-70mm,LB-9828,,0,
LB-9829-KBF-4-3.25-70mm,LB-9829,,0,
LB-9830-KBF-4-3.5-70mm,LB-9830,,0,
LB-9831-KBF-4-3.75-70mm,LB-9831,,0,
LB-9832-KBF-4-4-70mm,LB-9832,,0,
LB-9833-KBF-5-0.75-70mm,LB-9833,,0,
LB-9834-KBF-5-1-70mm,LB-9834,,0,
LB-9835-KBF-5-1.25-70mm,LB-9835,,0,
LB-9836-KBF-5-1.5-70mm,LB-9836,,0,
LB-9837-KBF-5-1.75-70mm,LB-9837,,0,
LB-9838-KBF-5-2-70mm,LB-9838,,0,
LB-9839-KBF-5-2.25-70mm,LB-9839,,0,
LB-9840-KBF-5-2.5-70mm,LB-9840,,0,
LB-9841-KBF-5-2.75-70mm,LB-9841,,0,
LB-9842-KBF-5-3-70mm,LB-9842,,0,
LB-9843-KBF-5-3.25-70mm,LB-9843,,0,
LB-9844-KBF-5-3.5-70mm,LB-9844,,0,
LB-9845-KBF-5-3.75-70mm,LB-9845,,0,
LB-9846-KBF-5-4-70mm,LB-9846,,0,
LB-9847-KBF-6-0.75-70mm,LB-9847,,0,
LB-9848-KBF-6-1-70mm,LB-9848,,0,
LB-9849-KBF-6-1.25-70mm,LB-9849,,0,
LB-9850-KBF-6-1.5-70mm,LB-9850,,0,
LB-9851-KBF-6-1.75-70mm,LB-9851,,0,
LB-9852-KBF-6-2-70mm,LB-9852,,0,
LB-9853-KBF-6-2.25-70mm,LB-9853,,0,
LB-9854-KBF-6-2.5-70mm,LB-9854,,0,
LB-9855-KBF-6-2.75-70mm,LB-9855,,0,
LB-9856-KBF-6-3-70mm,LB-9856,,0,
LB-9857-KBF-6-3.25-70mm,LB-9857,,0,
LB-9858-KBF-6-3.5-70mm,LB-9858,,0,
LB-9859-KBF-6-3.75-70mm,LB-9859,,0,
LB-9860-KBF-6-4-70mm,LB-9860,,0,
LB-9861-KBF-7-0.75-70mm,LB-9861,,0,
LB-9862-KBF-7-1-70mm,LB-9862,,0,
LB-9863-KBF-7-1.25-70mm,LB-9863,,0,
LB-9864-KBF-7-1.5-70mm,LB-9864,,0,
LB-9865-KBF-7-1.75-70mm,LB-9865,,0,
LB-9866-KBF-7-2-70mm,LB-9866,,0,
LB-9867-KBF-7-2.25-70mm,LB-9867,,0,
LB-9868-KBF-7-2.5-70mm,LB-9868,,0,
LB-9869-KBF-7-2.75-70mm,LB-9869,,0,
LB-9870-KBF-7-3-70mm,LB-9870,,0,
LB-9871-KBF-7-3.25-70mm,LB-9871,,0,
LB-9872-KBF-7-3.5-70mm,LB-9872,,0,
LB-9873-KBF-7-3.75-70mm,LB-9873,,0,
LB-9874-KBF-7-4-70mm,LB-9874,,0,
LB-9875-L-KBF-8-0.75-70mm,LB-9875,,0,
LB-9876-L-KBF-8-1-70mm,LB-9876,,0,
LB-9877-L-KBF-8-1.25-70mm,LB-9877,,0,
LB-9878-L-KBF-8-1.5-70mm,LB-9878,,0,
LB-9879-L-KBF-8-1.75-70mm,LB-9879,,0,
LB-9880-L-KBF-8-2-70mm,LB-9880,,0,
LB-9881-L-KBF-8-2.25-70mm,LB-9881,,0,
LB-9882-L-KBF-8-2.5-70mm,LB-9882,,0,
LB-9883-L-KBF-8-2.75-70mm,LB-9883,,0,
LB-9884-L-KBF-8-3-70mm,LB-9884,,0,
LB-9885-L-KBF-8-3.25-70mm,LB-9885,,0,
LB-9886-L-KBF-8-3.5-70mm,LB-9886,,0,
LB-9887-L-KBF-8-3.75-70mm,LB-9887,,0,
LB-9888-L-KBF-8-4-70mm,LB-9888,,0,
LB-9889-L-KBF-9-0.75-70mm,LB-9889,,0,
LB-9890-L-KBF-9-1-70mm,LB-9890,,0,
LB-9891-L-KBF-9-1.25-70mm,LB-9891,,0,
LB-9892-L-KBF-9-1.5-70mm,LB-9892,,0,
LB-9893-L-KBF-9-1.75-70mm,LB-9893,,0,
LB-9894-L-KBF-9-2-70mm,LB-9894,,0,
LB-9895-L-KBF-9-2.25-70mm,LB-9895,,0,
LB-9896-L-KBF-9-2.5-70mm,LB-9896,,0,
LB-9897-L-KBF-9-2.75-70mm,LB-9897,,0,
LB-9898-L-KBF-9-3-70mm,LB-9898,,0,
LB-9899-L-KBF-9-3.25-70mm,LB-9899,,0,
LB-9900-L-KBF-9-3.5-70mm,LB-9900,,0,
LB-9901-L-KBF-9-3.75-70mm,LB-9901,,0,
LB-9902-L-KBF-9-4-70mm,LB-9902,,0,
LB-9903-L-KBF-10-0.75-70mm,LB-9903,,0,
LB-9904-L-KBF-10-1-70mm,LB-9904,,0,
LB-9905-L-KBF-10-1.25-70mm,LB-9905,,0,
LB-9906-L-KBF-10-1.5-70mm,LB-9906,,0,
LB-9907-L-KBF-10-1.75-70mm,LB-9907,,0,
LB-9908-L-KBF-10-2-70mm,LB-9908,,0,
LB-9909-L-KBF-10-2.25-70mm,LB-9909,,0,
LB-9910-L-KBF-10-2.5-70mm,LB-9910,,0,
LB-9911-L-KBF-10-2.75-70mm,LB-9911,,0,
LB-9912-L-KBF-10-3-70mm,LB-9912,,0,
LB-9913-L-KBF-10-3.25-70mm,LB-9913,,0,
LB-9914-L-KBF-10-3.5-70mm,LB-9914,,0,
LB-9915-L-KBF-10-3.75-70mm,LB-9915,,0,
LB-9916-L-KBF-10-4-70mm,LB-9916,,0,
LB-9917-L-KBF-11-0.75-70mm,LB-9917,,0,
LB-9918-L-KBF-11-1-70mm,LB-9918,,0,
LB-9919-L-KBF-11-1.25-70mm,LB-9919,,0,
LB-9920-L-KBF-11-1.5-70mm,LB-9920,,0,
LB-9921-L-KBF-11-1.75-70mm,LB-9921,,0,
LB-9922-L-KBF-11-2-70mm,LB-9922,,0,
LB-9923-L-KBF-11-2.25-70mm,LB-9923,,0,
LB-9924-L-KBF-11-2.5-70mm,LB-9924,,0,
LB-9925-L-KBF-11-2.75-70mm,LB-9925,,0,
LB-9926-L-KBF-11-3-70mm,LB-9926,,0,
LB-9927-L-KBF-11-3.25-70mm,LB-9927,,0,
LB-9928-L-KBF-11-3.5-70mm,LB-9928,,0,
LB-9929-L-KBF-11-3.75-70mm,LB-9929,,0,
LB-9930-L-KBF-11-4-70mm,LB-9930,,0,
LB-9931-L-KBF-12-0.75-70mm,LB-9931,,0,
LB-9932-L-KBF-12-1-70mm,LB-9932,,0,
LB-9933-L-KBF-12-1.25-70mm,LB-9933,,0,
LB-9934-L-KBF-12-1.5-70mm,LB-9934,,0,
LB-9935-L-KBF-12-1.75-70mm,LB-9935,,0,
LB-9936-L-KBF-12-2-70mm,LB-9936,,0,
LB-9937-L-KBF-12-2.25-70mm,LB-9937,,0,
LB-9938-L-KBF-12-2.5-70mm,LB-9938,,0,
LB-9939-L-KBF-12-2.75-70mm,LB-9939,,0,
LB-9940-L-KBF-12-3-70mm,LB-9940,,0,
LB-9941-L-KBF-12-3.25-70mm,LB-9941,,0,
LB-9942-L-KBF-12-3.5-70mm,LB-9942,,0,
LB-9943-L-KBF-12-3.75-70mm,LB-9943,,0,
LB-9944-L-KBF-12-4-70mm,LB-9944,,0,
LB-9945-L-KBF-13-0.75-70mm,LB-9945,,0,
LB-9946-L-KBF-13-1-70mm,LB-9946,,0,
LB-9947-L-KBF-13-1.25-70mm,LB-9947,,0,
LB-9948-L-KBF-13-1.5-70mm,LB-9948,,0,
LB-9949-L-KBF-13-1.75-70mm,LB-9949,,0,
LB-9950-L-KBF-13-2-70mm,LB-9950,,0,
LB-9951-L-KBF-13-2.25-70mm,LB-9951,,0,
LB-9952-L-KBF-13-2.5-70mm,LB-9952,,0,
LB-9953-L-KBF-13-2.75-70mm,LB-9953,,0,
LB-9954-L-KBF-13-3-70mm,LB-9954,,0,
LB-9955-L-KBF-13-3.25-70mm,LB-9955,,0,
LB-9956-L-KBF-13-3.5-70mm,LB-9956,,0,
LB-9957-L-KBF-13-3.75-70mm,LB-9957,,0,
LB-9958-L-KBF-13-4-70mm,LB-9958,,0,
LB-9959-L-KBF-14-0.75-70mm,LB-9959,,0,
LB-9960-L-KBF-14-1-70mm,LB-9960,,0,
LB-9961-L-KBF-14-1.25-70mm,LB-9961,,0,
LB-9962-L-KBF-14-1.5-70mm,LB-9962,,0,
LB-9963-L-KBF-14-1.75-70mm,LB-9963,,0,
LB-9964-L-KBF-14-2-70mm,LB-9964,,0,
LB-9965-L-KBF-14-2.25-70mm,LB-9965,,0,
LB-9966-L-KBF-14-2.5-70mm,LB-9966,,0,
LB-9967-L-KBF-14-2.75-70mm,LB-9967,,0,
LB-9968-L-KBF-14-3-70mm,LB-9968,,0,
LB-9969-L-KBF-14-3.25-70mm,LB-9969,,0,
LB-9970-L-KBF-14-3.5-70mm,LB-9970,,0,
LB-9971-L-KBF-14-3.75-70mm,LB-9971,,0,
LB-9972-L-KBF-14-4-70mm,LB-9972,,0,
LB-9973-L-KBF-15-0.75-70mm,LB-9973,,0,
LB-9974-L-KBF-15-1-70mm,LB-9974,,0,
LB-9975-L-KBF-15-1.25-70mm,LB-9975,,0,
LB-9976-L-KBF-15-1.5-70mm,LB-9976,,0,
LB-9977-L-KBF-15-1.75-70mm,LB-9977,,0,
LB-9978-L-KBF-15-2-70mm,LB-9978,,0,
LB-9979-L-KBF-15-2.25-70mm,LB-9979,,0,
LB-9980-L-KBF-15-2.5-70mm,LB-9980,,0,
LB-9981-L-KBF-15-2.75-70mm,LB-9981,,0,
LB-9982-L-KBF-15-3-70mm,LB-9982,,0,
LB-9983-L-KBF-15-3.25-70mm,LB-9983,,0,
LB-9984-L-KBF-15-3.5-70mm,LB-9984,,0,
LB-9985-L-KBF-15-3.75-70mm,LB-9985,,0,
LB-9986-L-KBF-15-4-70mm,LB-9986,,0,
LB-9987-L-KBF-16-0.75-70mm,LB-9987,,0,
LB-9988-L-KBF-16-1-70mm,LB-9988,,0,
LB-9989-L-KBF-16-1.25-70mm,LB-9989,,0,
LB-9990-L-KBF-16-1.5-70mm,LB-9990,,0,
LB-9991-L-KBF-16-1.75-70mm,LB-9991,,0,
LB-9992-L-KBF-16-2-70mm,LB-9992,,0,
LB-9993-L-KBF-16-2.25-70mm,LB-9993,,0,
LB-9994-L-KBF-16-2.5-70mm,LB-9994,,0,
LB-9995-L-KBF-16-2.75-70mm,LB-9995,,0,
LB-9996-L-KBF-16-3-70mm,LB-9996,,0,
LB-9997-L-KBF-16-3.25-70mm,LB-9997,,0,
LB-9998-L-KBF-16-3.5-70mm,LB-9998,,0,
LB-9999-L-KBF-16-3.75-70mm,LB-9999,,0,
LB-10000-L-KBF-16-4-70mm,LB-10000,,0,
LB-10001-L-KBF-17-0.75-70mm,LB-10001,,0,
LB-10002-L-KBF-17-1-70mm,LB-10002,,0,
LB-10003-L-KBF-17-1.25-70mm,LB-10003,,0,
LB-10004-L-KBF-17-1.5-70mm,LB-10004,,0,
LB-10005-L-KBF-17-1.75-70mm,LB-10005,,0,
LB-10006-L-KBF-17-2-70mm,LB-10006,,0,
LB-10007-L-KBF-17-2.25-70mm,LB-10007,,0,
LB-10008-L-KBF-17-2.5-70mm,LB-10008,,0,
LB-10009-L-KBF-17-2.75-70mm,LB-10009,,0,
LB-10010-L-KBF-17-3-70mm,LB-10010,,0,
LB-10011-L-KBF-17-3.25-70mm,LB-10011,,0,
LB-10012-L-KBF-17-3.5-70mm,LB-10012,,0,
LB-10013-L-KBF-17-3.75-70mm,LB-10013,,0,
LB-10014-L-KBF-17-4-70mm,LB-10014,,0,
LB-10015-L-KBF-18-0.75-70mm,LB-10015,,0,
LB-10016-L-KBF-18-1-70mm,LB-10016,,0,
LB-10017-L-KBF-18-1.25-70mm,LB-10017,,0,
LB-10018-L-KBF-18-1.5-70mm,LB-10018,,0,
LB-10019-L-KBF-18-1.75-70mm,LB-10019,,0,
LB-10020-L-KBF-18-2-70mm,LB-10020,,0,
LB-10021-L-KBF-18-2.25-70mm,LB-10021,,0,
LB-10022-L-KBF-18-2.5-70mm,LB-10022,,0,
LB-10023-L-KBF-18-2.75-70mm,LB-10023,,0,
LB-10024-L-KBF-18-3-70mm,LB-10024,,0,
LB-10025-L-KBF-18-3.25-70mm,LB-10025,,0,
LB-10026-L-KBF-18-3.5-70mm,LB-10026,,0,
LB-10027-L-KBF-18-3.75-70mm,LB-10027,,0,
LB-10028-L-KBF-18-4-70mm,LB-10028,,0,
LB-10743-KBF-PG-2-0.75-70mm,LB-10743,,0,
LB-10744-KBF-PG-2-1-70mm,LB-10744,,0,
LB-10745-KBF-PG-2-1.25-70mm,LB-10745,,0,
LB-10746-KBF-PG-2-1.5-70mm,LB-10746,,0,
LB-10747-KBF-PG-2-1.75-70mm,LB-10747,,0,
LB-10748-KBF-PG-2-2-70mm,LB-10748,,0,
LB-10749-KBF-PG-2-2.25-70mm,LB-10749,,0,
LB-10750-KBF-PG-2-2.5-70mm,LB-10750,,0,
LB-10751-KBF-PG-2-2.75-70mm,LB-10751,,0,
LB-10752-KBF-PG-2-3-70mm,LB-10752,,0,
LB-10753-KBF-PG-2-3.25-70mm,LB-10753,,0,
LB-10754-KBF-PG-2-3.5-70mm,LB-10754,,0,
LB-10755-KBF-PG-2-3.75-70mm,LB-10755,,0,
LB-10756-KBF-PG-2-4-70mm,LB-10756,,0,
LB-10757-KBF-PG-3-0.75-70mm,LB-10757,,0,
LB-10758-KBF-PG-3-1-70mm,LB-10758,,0,
LB-10759-KBF-PG-3-1.25-70mm,LB-10759,,0,
LB-10760-KBF-PG-3-1.5-70mm,LB-10760,,0,
LB-10761-KBF-PG-3-1.75-70mm,LB-10761,,0,
LB-10762-KBF-PG-3-2-70mm,LB-10762,,0,
LB-10763-KBF-PG-3-2.25-70mm,LB-10763,,0,
LB-10764-KBF-PG-3-2.5-70mm,LB-10764,,0,
LB-10765-KBF-PG-3-2.75-70mm,LB-10765,,0,
LB-10766-KBF-PG-3-3-70mm,LB-10766,,0,
LB-10767-KBF-PG-3-3.25-70mm,LB-10767,,0,
LB-10768-KBF-PG-3-3.5-70mm,LB-10768,,0,
LB-10769-KBF-PG-3-3.75-70mm,LB-10769,,0,
LB-10770-KBF-PG-3-4-70mm,LB-10770,,0,
LB-10771-KBF-PG-4-0.75-70mm,LB-10771,,0,
LB-10772-KBF-PG-4-1-70mm,LB-10772,,0,
LB-10773-KBF-PG-4-1.25-70mm,LB-10773,,0,
LB-10774-KBF-PG-4-1.5-70mm,LB-10774,,0,
LB-10775-KBF-PG-4-1.75-70mm,LB-10775,,0,
LB-10776-KBF-PG-4-2-70mm,LB-10776,,0,
LB-10777-KBF-PG-4-2.25-70mm,LB-10777,,0,
LB-10778-KBF-PG-4-2.5-70mm,LB-10778,,0,
LB-10779-KBF-PG-4-2.75-70mm,LB-10779,,0,
LB-10780-KBF-PG-4-3-70mm,LB-10780,,0,
LB-10781-KBF-PG-4-3.25-70mm,LB-10781,,0,
LB-10782-KBF-PG-4-3.5-70mm,LB-10782,,0,
LB-10783-KBF-PG-4-3.75-70mm,LB-10783,,0,
LB-10784-KBF-PG-4-4-70mm,LB-10784,,0,
LB-10785-KBF-PG-5-0.75-70mm,LB-10785,,0,
LB-10786-KBF-PG-5-1-70mm,LB-10786,,0,
LB-10787-KBF-PG-5-1.25-70mm,LB-10787,,0,
LB-10788-KBF-PG-5-1.5-70mm,LB-10788,,0,
LB-10789-KBF-PG-5-1.75-70mm,LB-10789,,0,
LB-10790-KBF-PG-5-2-70mm,LB-10790,,0,
LB-10791-KBF-PG-5-2.25-70mm,LB-10791,,0,
LB-10792-KBF-PG-5-2.5-70mm,LB-10792,,0,
LB-10793-KBF-PG-5-2.75-70mm,LB-10793,,0,
LB-10794-KBF-PG-5-3-70mm,LB-10794,,0,
LB-10795-KBF-PG-5-3.25-70mm,LB-10795,,0,
LB-10796-KBF-PG-5-3.5-70mm,LB-10796,,0,
LB-10797-KBF-PG-5-3.75-70mm,LB-10797,,0,
LB-10798-KBF-PG-5-4-70mm,LB-10798,,0,
LB-10799-KBF-PG-6-0.75-70mm,LB-10799,,0,
LB-10800-KBF-PG-6-1-70mm,LB-10800,,0,
LB-10801-KBF-PG-6-1.25-70mm,LB-10801,,0,
LB-10802-KBF-PG-6-1.5-70mm,LB-10802,,0,
LB-10803-KBF-PG-6-1.75-70mm,LB-10803,,0,
LB-10804-KBF-PG-6-2-70mm,LB-10804,,0,
LB-10805-KBF-PG-6-2.25-70mm,LB-10805,,0,
LB-10806-KBF-PG-6-2.5-70mm,LB-10806,,0,
LB-10807-KBF-PG-6-2.75-70mm,LB-10807,,0,
LB-10808-KBF-PG-6-3-70mm,LB-10808,,0,
LB-10809-KBF-PG-6-3.25-70mm,LB-10809,,0,
LB-10810-KBF-PG-6-3.5-70mm,LB-10810,,0,
LB-10811-KBF-PG-6-3.75-70mm,LB-10811,,0,
LB-10812-KBF-PG-6-4-70mm,LB-10812,,0,
LB-10813-KBF-PG-7-0.75-70mm,LB-10813,,0,
LB-10814-KBF-PG-7-1-70mm,LB-10814,,0,
LB-10815-KBF-PG-7-1.25-70mm,LB-10815,,0,
LB-10816-KBF-PG-7-1.5-70mm,LB-10816,,0,
LB-10817-KBF-PG-7-1.75-70mm,LB-10817,,0,
LB-10818-KBF-PG-7-2-70mm,LB-10818,,0,
LB-10819-KBF-PG-7-2.25-70mm,LB-10819,,0,
LB-10820-KBF-PG-7-2.5-70mm,LB-10820,,0,
LB-10821-KBF-PG-7-2.75-70mm,LB-10821,,0,
LB-10822-KBF-PG-7-3-70mm,LB-10822,,0,
LB-10823-KBF-PG-7-3.25-70mm,LB-10823,,0,
LB-10824-KBF-PG-7-3.5-70mm,LB-10824,,0,
LB-10825-KBF-PG-7-3.75-70mm,LB-10825,,0,
LB-10826-KBF-PG-7-4-70mm,LB-10826,,0,
LB-10827-KBF-PG-8-0.75-70mm,LB-10827,,0,
LB-10828-KBF-PG-8-1-70mm,LB-10828,,0,
LB-10829-KBF-PG-8-1.25-70mm,LB-10829,,0,
LB-10830-KBF-PG-8-1.5-70mm,LB-10830,,0,
LB-10831-KBF-PG-8-1.75-70mm,LB-10831,,0,
LB-10832-KBF-PG-8-2-70mm,LB-10832,,0,
LB-10833-KBF-PG-8-2.25-70mm,LB-10833,,0,
LB-10834-KBF-PG-8-2.5-70mm,LB-10834,,0,
LB-10835-KBF-PG-8-2.75-70mm,LB-10835,,0,
LB-10836-KBF-PG-8-3-70mm,LB-10836,,0,
LB-10837-KBF-PG-8-3.25-70mm,LB-10837,,0,
LB-10838-KBF-PG-8-3.5-70mm,LB-10838,,0,
LB-10839-KBF-PG-8-3.75-70mm,LB-10839,,0,
LB-10840-KBF-PG-8-4-70mm,LB-10840,,0,
LB-11135-SV-0-Nil-70mm,LB-11135,,0,
LB-11136-SV-2-Nil-70mm,LB-11136,,0,
LB-11137-SV-4-Nil-70mm,LB-11137,,0,
LB-11138-SV-6-Nil-70mm,LB-11138,,0,
LB-11139-SV-8-Nil-70mm,LB-11139,,0,
LB-11140-SV-10-Nil-70mm,LB-11140,,0,
LB-11141-SV-12-Nil-70mm,LB-11141,,0,
LB-11142-SV-14-Nil-70mm,LB-11142,,0,
LB-11143-SV-16-Nil-70mm,LB-11143,,0,
LB-11144-SV-18-Nil-70mm,LB-11144,,0,
LB-11145-SV-20-Nil-70mm,LB-11145,,0,
LB-11179-SV-PG-0-Nil-70mm,LB-11179,,0,
LB-11180-SV-PG-2-Nil-70mm,LB-11180,,0,
LB-11181-SV-PG-4-Nil-70mm,LB-11181,,0,
LB-11182-SV-PG-6-Nil-70mm,LB-11182,,0,
LB-11183-SV-PG-8-Nil-70mm,LB-11183,,0,
LB-11184-SV-PG-10-Nil-70mm,LB-11184,,0,
LB-11185-SV-PG-12-Nil-70mm,LB-11185,,0,
LB-11186-SV-PG-14-Nil-70mm,LB-11186,,0,
LB-11187-SV-PG-16-Nil-70mm,LB-11187,,0,
LB-11188-SV-PG-18-Nil-70mm,LB-11188,,0,
LB-11189-SV-PG-20-Nil-70mm,LB-11189,,0,
